location_name,latitude,longitude,total_pois,pois_fetched,ACCESS_GATEWAY,ADMINISTRATIVE_DIVISION,ADVENTURE_SPORTS_VENUE,AGRICULTURE,AIRPORT,AMUSEMENT_PARK,AUTOMOTIVE_DEALER,BANK,BEACH,BUILDING_POINT,BUSINESS_PARK,CAFE_PUB,CAMPING_GROUND,CAR_WASH,CASH_DISPENSER,CASINO,CINEMA,CITY_CENTER,CLUB_ASSOCIATION,COLLEGE_UNIVERSITY,COMMERCIAL_BUILDING,COMMUNITY_CENTER,COMPANY,COURTHOUSE,CULTURAL_CENTER,DENTIST,DEPARTMENT_STORE,DOCTOR,ELECTRIC_VEHICLE_STATION,EMBASSY,EMERGENCY_MEDICAL_SERVICE,ENTERTAINMENT,EXCHANGE,EXHIBITION_CONVENTION_CENTER,FERRY_TERMINAL,FIRE_STATION_BRIGADE,FRONTIER_CROSSING,FUEL_FACILITIES,GEOGRAPHIC_FEATURE,GOLF_COURSE,GOVERNMENT_OFFICE,HEALTH_CARE_SERVICE,HELIPAD_HELICOPTER_LANDING,HOLIDAY_RENTAL,HOSPITAL_POLYCLINIC,HOTEL_MOTEL,ICE_SKATING_RINK,IMPORTANT_TOURIST_ATTRACTION,INDUSTRIAL_BUILDING,LEISURE_CENTER,LIBRARY,MANUFACTURING_FACILITY,MARINA,MARKET,MEDIA_FACILITY,MILITARY_INSTALLATION,MOTORING_ORGANIZATION_OFFICE,MOUNTAIN_PASS,MUSEUM,NATIVE_RESERVATION,NIGHTLIFE,NON_GOVERNMENTAL_ORGANIZATION,OPEN_PARKING_AREA,OTHER,PARKING_GARAGE,PARK_RECREATION_AREA,PETROL_STATION,PHARMACY,PLACE_OF_WORSHIP,POLICE_STATION,PORT_WAREHOUSE_FACILITY,POST_OFFICE,PRIMARY_RESOURCE_UTILITY,PRISON_CORRECTIONAL_FACILITY,PUBLIC_AMENITY,PUBLIC_TRANSPORT_STOP,RAILWAY_STATION,RENT_A_CAR_FACILITY,RENT_A_CAR_PARKING,REPAIR_FACILITY,RESEARCH_FACILITY,RESIDENTIAL_ACCOMMODATION,RESTAURANT,RESTAURANT_AREA,REST_AREA,SCENIC_PANORAMIC_VIEW,SCHOOL,SHOP,SHOPPING_CENTER,SPORTS_CENTER,STADIUM,SWIMMING_POOL,TENNIS_COURT,THEATER,TOURIST_INFORMATION_OFFICE,TRAFFIC_LIGHT,TRAFFIC_SERVICE_CENTER,TRAFFIC_SIGN,TRAIL_SYSTEM,TRANSPORT_AUTHORITY_VEHICLE_REGISTRATION,TRUCK_STOP,VETERINARIAN,WATER_SPORT,WEIGH_STATION,WELFARE_ORGANIZATION,WINERY,ZOOS_ARBORETA_BOTANICAL_GARDEN,raw_classifications,unique_classifications,non_zero_categories
"Mumbai Central, Mumbai, Maharashtra",18.9770366,72.826266,100,100,0,0,0,0,0,0,2,0,0,0,0,2,0,0,0,0,0,0,0,0,0,0,1,0,0,2,0,7,0,0,0,0,3,0,0,0,0,0,1,0,2,0,0,0,2,0,0,0,0,0,1,0,0,0,0,0,0,0,0,0,0,0,0,0,0,0,0,3,7,1,0,1,0,0,0,0,0,0,0,3,0,16,20,0,0,0,6,18,0,2,0,0,0,0,0,0,0,0,0,0,0,0,0,0,0,0,0,"POST_OFFICE, SCHOOL, DOCTOR, COMPANY, LIBRARY, PHARMACY, EXCHANGE, GOVERNMENT_OFFICE, RESIDENTIAL_ACCOMMODATION, PLACE_OF_WORSHIP, SPORTS_CENTER, HOSPITAL_POLYCLINIC, GEOGRAPHIC_FEATURE, RESTAURANT, REPAIR_FACILITY, CAFE_PUB, AUTOMOTIVE_DEALER, DENTIST, SHOP, POLICE_STATION",20,20
"CG Road, Ahmedabad, Gujarat",23.1083596,72.5869112,100,100,0,0,0,0,0,0,1,4,0,0,0,3,0,0,0,0,0,0,0,0,1,0,10,0,0,1,0,5,0,0,0,0,0,0,0,0,0,0,0,0,0,1,0,0,0,0,0,0,0,0,0,0,0,0,0,0,0,0,0,0,0,0,0,0,0,0,0,2,1,0,0,0,0,0,0,0,0,0,0,4,0,5,5,0,0,0,8,48,0,1,0,0,0,0,0,0,0,0,0,0,0,0,0,0,0,0,0,"REPAIR_FACILITY, RESTAURANT, CAFE_PUB, BANK, RESIDENTIAL_ACCOMMODATION, HEALTH_CARE_SERVICE, PLACE_OF_WORSHIP, SCHOOL, SPORTS_CENTER, AUTOMOTIVE_DEALER, DENTIST, SHOP, COMMERCIAL_BUILDING, COMPANY, DOCTOR, PHARMACY",16,16
"MG Road, Kochi, Kerala",10.5160332,76.2538456,100,100,0,0,0,0,0,0,3,0,0,0,0,0,0,0,0,0,0,0,0,3,6,0,10,0,0,1,0,9,1,0,0,0,0,1,0,0,0,0,1,0,1,2,0,0,0,2,0,0,3,0,0,0,0,3,0,0,0,0,0,0,0,0,0,0,0,1,1,0,6,0,0,0,1,0,0,0,0,0,0,12,0,2,7,0,0,0,6,18,0,0,0,0,0,0,0,0,0,0,0,0,0,0,0,0,0,0,0,"INDUSTRIAL_BUILDING, HEALTH_CARE_SERVICE, SCHOOL, DOCTOR, COMPANY, PARK_RECREATION_AREA, MARKET, GOVERNMENT_OFFICE, HOTEL_MOTEL, COLLEGE_UNIVERSITY, RESIDENTIAL_ACCOMMODATION, PLACE_OF_WORSHIP, COMMERCIAL_BUILDING, EXHIBITION_CONVENTION_CENTER, REPAIR_FACILITY, RESTAURANT, GEOGRAPHIC_FEATURE, ELECTRIC_VEHICLE_STATION, AUTOMOTIVE_DEALER, PRIMARY_RESOURCE_UTILITY, DENTIST, SHOP, PETROL_STATION",23,23
"Banjara Hills, Hyderabad, Telangana",17.4091038,78.4394666,100,100,0,0,0,0,0,0,0,5,0,0,0,6,0,0,0,0,0,0,0,0,1,0,6,0,0,0,0,3,0,0,0,0,3,0,0,0,0,0,0,0,3,0,0,0,0,3,0,0,0,0,0,0,0,0,1,0,0,0,0,0,0,0,1,0,0,0,1,1,0,0,0,1,0,0,3,0,0,0,0,1,0,19,13,0,0,0,4,24,1,0,0,0,0,0,0,0,0,0,0,0,0,0,0,0,0,0,0,"POST_OFFICE, BANK, SHOPPING_CENTER, SCHOOL, DOCTOR, COMPANY, PHARMACY, EXCHANGE, MEDIA_FACILITY, GOVERNMENT_OFFICE, HOTEL_MOTEL, PUBLIC_AMENITY, RESIDENTIAL_ACCOMMODATION, COMMERCIAL_BUILDING, REPAIR_FACILITY, RESTAURANT, CAFE_PUB, SHOP, OPEN_PARKING_AREA, PETROL_STATION",20,20
"Vastrapur, Ahmedabad, Gujarat",23.0350831,72.5276438,100,100,0,0,0,0,0,0,0,0,0,0,0,4,0,0,0,0,0,0,0,0,3,0,7,0,0,0,0,1,0,0,0,0,1,0,0,0,0,0,1,0,0,0,0,0,2,0,0,0,0,0,0,0,0,0,0,0,0,0,0,0,0,0,0,0,0,1,0,0,3,0,0,0,0,0,0,0,0,0,0,5,0,8,14,0,0,0,2,48,0,0,0,0,0,0,0,0,0,0,0,0,0,0,0,0,0,0,0,"GEOGRAPHIC_FEATURE, CAFE_PUB, RESTAURANT, REPAIR_FACILITY, RESIDENTIAL_ACCOMMODATION, PARK_RECREATION_AREA, PLACE_OF_WORSHIP, SCHOOL, SHOP, COMMERCIAL_BUILDING, COMPANY, DOCTOR, HOSPITAL_POLYCLINIC, EXCHANGE",14,14
"Koregaon Park, Pune, Maharashtra",18.5420451,73.8881809,100,100,0,0,0,0,0,0,0,0,0,0,0,4,0,0,0,0,0,0,0,0,0,0,9,0,0,0,0,3,0,0,0,0,0,1,0,0,0,0,0,0,0,0,0,0,0,7,0,1,0,0,0,0,0,1,0,0,0,0,0,0,0,1,0,0,0,2,0,1,1,0,0,0,3,0,1,0,0,0,0,0,0,15,13,0,0,0,2,32,0,2,0,0,0,0,0,0,0,0,0,0,0,0,0,0,1,0,0,"SCHOOL, COMPANY, DOCTOR, IMPORTANT_TOURIST_ATTRACTION, PHARMACY, PARK_RECREATION_AREA, MARKET, HOTEL_MOTEL, PUBLIC_AMENITY, RESIDENTIAL_ACCOMMODATION, NON_GOVERNMENTAL_ORGANIZATION, PLACE_OF_WORSHIP, SPORTS_CENTER, EXHIBITION_CONVENTION_CENTER, CAFE_PUB, RESTAURANT, PRIMARY_RESOURCE_UTILITY, SHOP, WELFARE_ORGANIZATION",19,19
"Indiranagar, Bangalore, Karnataka",12.9719015,77.6367928,100,100,0,0,0,0,0,0,2,1,0,0,0,7,0,0,0,0,0,0,0,2,5,0,6,0,0,2,0,4,0,0,0,0,0,0,0,0,0,0,1,0,1,0,0,0,3,3,0,0,0,0,0,0,0,0,0,0,0,0,0,0,1,0,1,0,0,1,0,3,8,0,0,0,0,0,0,0,0,0,0,0,0,8,21,0,0,0,1,19,0,0,0,0,0,0,0,0,0,0,0,0,0,0,0,0,0,0,0,"BANK, SCHOOL, COMPANY, DOCTOR, PHARMACY, NIGHTLIFE, PARK_RECREATION_AREA, GOVERNMENT_OFFICE, HOTEL_MOTEL, COLLEGE_UNIVERSITY, RESIDENTIAL_ACCOMMODATION, PLACE_OF_WORSHIP, COMMERCIAL_BUILDING, HOSPITAL_POLYCLINIC, GEOGRAPHIC_FEATURE, RESTAURANT, CAFE_PUB, AUTOMOTIVE_DEALER, DENTIST, SHOP, OPEN_PARKING_AREA",21,21
"Jubilee Hills, Hyderabad, Telangana",17.4333041,78.4013942,100,100,0,0,0,0,0,1,5,0,0,0,0,7,0,0,0,0,0,0,0,0,3,0,8,0,0,2,0,0,1,0,0,0,0,0,0,0,0,0,0,0,0,0,0,0,0,2,0,0,0,1,0,0,0,0,0,0,0,0,0,0,1,0,0,0,0,0,0,1,0,0,0,0,0,0,0,0,0,0,0,1,0,33,15,0,0,0,4,13,0,2,0,0,0,0,0,0,0,0,0,0,0,0,0,0,0,0,0,"NIGHTLIFE, REPAIR_FACILITY, CAFE_PUB, RESTAURANT, RESIDENTIAL_ACCOMMODATION, SPORTS_CENTER, SCHOOL, AMUSEMENT_PARK, DENTIST, AUTOMOTIVE_DEALER, COMMERCIAL_BUILDING, SHOP, ELECTRIC_VEHICLE_STATION, HOTEL_MOTEL, COMPANY, PHARMACY, LEISURE_CENTER",17,17
"T Nagar, Chennai, Tamil Nadu",12.9605278,80.2083254,100,100,0,0,0,0,0,0,3,1,0,0,0,0,0,0,0,0,0,0,0,0,0,0,3,0,0,1,0,1,0,0,0,0,0,0,0,0,0,0,0,0,3,0,0,0,2,1,0,0,0,1,0,0,0,1,0,0,0,0,0,0,0,0,0,0,0,0,0,1,2,0,0,0,0,0,0,0,0,0,0,4,0,29,4,0,0,0,10,30,0,3,0,0,0,0,0,0,0,0,0,0,0,0,0,0,0,0,0,"REPAIR_FACILITY, RESTAURANT, BANK, RESIDENTIAL_ACCOMMODATION, PLACE_OF_WORSHIP, SCHOOL, SPORTS_CENTER, AUTOMOTIVE_DEALER, DENTIST, SHOP, MARKET, GOVERNMENT_OFFICE, HOTEL_MOTEL, COMPANY, DOCTOR, HOSPITAL_POLYCLINIC, PHARMACY, LEISURE_CENTER",18,18
"Salt Lake, Kolkata, West Bengal",22.5580861,88.412438,100,100,0,0,0,0,0,0,0,0,0,0,0,2,0,0,0,0,0,0,0,0,0,0,5,0,0,0,0,5,0,0,0,0,0,0,0,0,0,0,2,0,1,0,0,0,0,2,0,0,0,0,0,0,0,0,0,0,0,0,0,0,0,0,0,0,0,1,0,1,2,1,0,0,0,0,1,0,0,0,0,1,0,8,18,0,0,0,1,48,0,0,0,0,0,0,0,0,0,0,0,0,0,0,0,0,1,0,0,"GEOGRAPHIC_FEATURE, RESTAURANT, REPAIR_FACILITY, CAFE_PUB, RESIDENTIAL_ACCOMMODATION, PARK_RECREATION_AREA, PLACE_OF_WORSHIP, SCHOOL, PUBLIC_AMENITY, SHOP, WELFARE_ORGANIZATION, HOTEL_MOTEL, DOCTOR, COMPANY, GOVERNMENT_OFFICE, PHARMACY, POLICE_STATION",17,17
"Civil Lines, Jaipur, Rajasthan",26.9069197,75.7830344,100,100,0,0,0,0,0,0,0,0,0,0,0,3,0,0,0,0,0,0,0,1,0,0,7,0,0,4,0,16,0,0,0,0,0,0,0,0,0,0,4,0,10,0,0,1,1,9,0,0,0,1,0,0,0,0,0,0,0,0,0,0,1,0,0,0,0,1,0,5,4,0,0,1,0,0,0,0,0,0,0,0,0,21,4,0,0,0,1,3,0,2,0,0,0,0,0,0,0,0,0,0,0,0,0,0,0,0,0,"POST_OFFICE, SCHOOL, DOCTOR, COMPANY, PHARMACY, NIGHTLIFE, PARK_RECREATION_AREA, GOVERNMENT_OFFICE, HOTEL_MOTEL, COLLEGE_UNIVERSITY, LEISURE_CENTER, HOLIDAY_RENTAL, RESIDENTIAL_ACCOMMODATION, PLACE_OF_WORSHIP, SPORTS_CENTER, HOSPITAL_POLYCLINIC, GEOGRAPHIC_FEATURE, RESTAURANT, CAFE_PUB, DENTIST, SHOP",21,21
"Aliganj, Lucknow, Uttar Pradesh",26.890281,80.9495987,100,100,0,0,0,0,0,0,0,0,0,0,0,1,0,0,0,0,0,0,0,0,0,0,1,0,0,0,0,1,0,0,0,0,0,0,0,0,0,0,0,0,2,0,0,0,1,1,0,0,0,0,0,0,0,0,0,0,0,0,0,0,0,0,0,0,0,0,0,2,2,0,0,0,2,0,1,0,0,0,0,0,0,13,4,0,0,0,3,65,0,1,0,0,0,0,0,0,0,0,0,0,0,0,0,0,0,0,0,"RESTAURANT, CAFE_PUB, RESIDENTIAL_ACCOMMODATION, PLACE_OF_WORSHIP, SPORTS_CENTER, SCHOOL, PRIMARY_RESOURCE_UTILITY, SHOP, GOVERNMENT_OFFICE, HOTEL_MOTEL, DOCTOR, PUBLIC_AMENITY, COMPANY, HOSPITAL_POLYCLINIC, PHARMACY",15,15
"Gomti Nagar, Lucknow, Uttar Pradesh",26.8513093,81.0124214,100,100,0,0,0,0,0,0,0,2,0,0,0,7,0,0,0,0,0,0,0,0,0,0,0,0,0,3,0,13,0,0,0,0,0,0,0,0,0,0,1,0,4,3,0,0,0,8,0,0,0,0,0,0,0,0,0,0,0,0,0,0,0,0,0,0,0,2,0,4,9,0,0,0,0,0,0,0,0,0,0,1,0,16,10,0,0,0,14,3,0,0,0,0,0,0,0,0,0,0,0,0,0,0,0,0,0,0,0,"HEALTH_CARE_SERVICE, RESTAURANT, CAFE_PUB, BANK, RESIDENTIAL_ACCOMMODATION, REPAIR_FACILITY, PARK_RECREATION_AREA, PLACE_OF_WORSHIP, SCHOOL, GEOGRAPHIC_FEATURE, DENTIST, SHOP, GOVERNMENT_OFFICE, HOTEL_MOTEL, DOCTOR, PHARMACY",16,16
"Vijay Nagar, Indore, Madhya Pradesh",22.7630269,75.8804978,100,100,0,0,0,0,0,0,3,1,0,0,0,6,0,0,0,0,0,0,0,0,4,0,2,0,0,0,0,4,1,0,0,0,0,0,0,0,0,0,1,0,2,0,0,0,0,16,0,0,0,0,0,0,0,0,0,0,0,0,0,0,0,0,0,0,0,1,0,4,3,0,0,0,0,0,0,0,0,0,0,1,0,8,13,0,0,0,1,28,0,1,0,0,0,0,0,0,0,0,0,0,0,0,0,0,0,0,0,"BANK, SCHOOL, DOCTOR, COMPANY, PHARMACY, PARK_RECREATION_AREA, GOVERNMENT_OFFICE, HOTEL_MOTEL, RESIDENTIAL_ACCOMMODATION, PLACE_OF_WORSHIP, SPORTS_CENTER, COMMERCIAL_BUILDING, GEOGRAPHIC_FEATURE, CAFE_PUB, RESTAURANT, REPAIR_FACILITY, ELECTRIC_VEHICLE_STATION, AUTOMOTIVE_DEALER, SHOP",19,19
"Sector 17, Chandigarh",30.7425426,76.7859351,100,100,0,0,0,0,0,0,0,3,0,0,0,1,0,0,0,0,1,0,0,0,0,0,22,0,0,0,0,0,0,0,0,0,0,0,0,0,0,0,0,0,5,0,0,0,1,3,0,0,0,0,0,0,0,0,0,0,0,0,0,0,1,0,1,0,0,0,0,0,1,0,0,0,0,0,1,0,0,0,0,2,0,0,5,0,0,0,1,50,1,0,0,0,0,1,0,0,0,0,0,0,0,0,0,0,0,0,0,"NIGHTLIFE, REPAIR_FACILITY, RESTAURANT, CAFE_PUB, BANK, SHOPPING_CENTER, PLACE_OF_WORSHIP, THEATER, SCHOOL, SHOP, CINEMA, GOVERNMENT_OFFICE, HOTEL_MOTEL, COMPANY, PUBLIC_AMENITY, OPEN_PARKING_AREA, HOSPITAL_POLYCLINIC",17,17
"MI Road, Jaipur, Rajasthan",26.9171019,75.7992711,100,100,0,0,0,0,0,0,1,7,0,0,0,2,0,0,0,0,0,0,0,0,5,0,28,0,0,0,0,5,0,0,0,1,1,0,0,0,0,0,1,0,0,0,0,0,0,6,0,0,0,0,0,0,0,1,0,0,0,0,0,0,2,0,0,0,0,0,0,0,1,0,0,0,0,0,0,0,0,0,0,0,0,1,13,0,0,0,0,25,0,0,0,0,0,0,0,0,0,0,0,0,0,0,0,0,0,0,0,"NIGHTLIFE, ENTERTAINMENT, GEOGRAPHIC_FEATURE, RESTAURANT, CAFE_PUB, BANK, RESIDENTIAL_ACCOMMODATION, PLACE_OF_WORSHIP, AUTOMOTIVE_DEALER, SHOP, COMMERCIAL_BUILDING, MARKET, HOTEL_MOTEL, COMPANY, DOCTOR, EXCHANGE",16,16
"Station Road, Surat, Gujarat",21.1984585,72.8351411,100,100,0,0,0,0,0,0,0,1,0,0,0,0,0,0,0,0,0,0,0,0,0,0,0,0,0,2,0,2,0,0,0,0,0,0,0,0,0,0,0,0,0,0,0,0,2,4,0,0,0,0,0,0,0,0,0,0,0,0,0,0,0,0,0,0,0,0,0,3,5,0,0,0,0,0,0,0,0,0,0,0,0,16,1,0,0,0,0,64,0,0,0,0,0,0,0,0,0,0,0,0,0,0,0,0,0,0,0,"RESTAURANT, BANK, RESIDENTIAL_ACCOMMODATION, PLACE_OF_WORSHIP, DENTIST, SHOP, HOTEL_MOTEL, DOCTOR, HOSPITAL_POLYCLINIC, PHARMACY",10,10
"Frazer Town, Bangalore, Karnataka",13.0022108,77.621035,100,100,0,0,0,0,0,0,0,0,0,0,0,0,0,0,0,0,0,0,0,1,1,0,2,0,0,1,0,0,0,0,0,0,0,2,0,0,0,0,0,0,0,0,0,0,2,4,0,0,0,0,0,0,0,0,0,0,0,0,0,0,0,0,1,0,0,1,0,0,9,0,0,0,0,0,0,0,0,0,0,1,0,58,7,0,0,0,3,7,0,0,0,0,0,0,0,0,0,0,0,0,0,0,0,0,0,0,0,"REPAIR_FACILITY, RESTAURANT, RESIDENTIAL_ACCOMMODATION, PARK_RECREATION_AREA, PLACE_OF_WORSHIP, SCHOOL, DENTIST, SHOP, COMMERCIAL_BUILDING, OPEN_PARKING_AREA, HOTEL_MOTEL, COMPANY, EXHIBITION_CONVENTION_CENTER, HOSPITAL_POLYCLINIC, COLLEGE_UNIVERSITY",15,15
"Begumpet, Hyderabad, Telangana",17.4449415,78.4571867,100,100,0,0,0,0,0,0,0,0,0,0,0,1,0,0,0,0,0,0,0,1,0,0,2,0,0,0,0,2,0,0,0,0,0,1,0,0,0,0,0,0,0,0,0,0,0,0,0,1,0,0,0,0,0,0,0,0,0,0,0,0,0,0,0,0,1,1,0,1,8,0,0,0,0,0,1,0,0,0,0,0,0,35,3,0,0,0,6,35,0,1,0,0,0,0,0,0,0,0,0,0,0,0,0,0,0,0,0,"IMPORTANT_TOURIST_ATTRACTION, RESTAURANT, CAFE_PUB, RESIDENTIAL_ACCOMMODATION, PARKING_GARAGE, PARK_RECREATION_AREA, PLACE_OF_WORSHIP, SCHOOL, SPORTS_CENTER, SHOP, COMPANY, PUBLIC_AMENITY, DOCTOR, PHARMACY, COLLEGE_UNIVERSITY, EXHIBITION_CONVENTION_CENTER",16,16
"Powai, Mumbai, Maharashtra",19.1238155,72.9126101,100,100,0,0,0,0,0,1,1,1,0,0,0,0,0,0,0,0,0,0,0,0,3,0,21,0,0,4,0,4,0,0,0,0,0,0,0,0,0,0,0,0,0,2,0,0,1,0,0,0,0,2,0,0,0,0,0,0,0,0,0,0,3,0,0,0,0,0,0,0,0,0,0,0,1,0,0,0,0,0,0,0,0,0,4,0,0,0,18,33,0,1,0,0,0,0,0,0,0,0,0,0,0,0,0,0,0,0,0,"NIGHTLIFE, HEALTH_CARE_SERVICE, RESTAURANT, BANK, SCHOOL, SPORTS_CENTER, AUTOMOTIVE_DEALER, PRIMARY_RESOURCE_UTILITY, AMUSEMENT_PARK, SHOP, COMMERCIAL_BUILDING, DENTIST, COMPANY, DOCTOR, HOSPITAL_POLYCLINIC, LEISURE_CENTER",16,16
"Andheri West, Mumbai, Maharashtra",19.1340729,72.8303618,100,100,0,0,0,0,0,0,0,0,0,0,0,1,0,0,0,0,0,0,0,0,0,0,10,0,0,0,0,1,0,0,0,0,0,0,0,0,0,0,0,0,1,0,0,0,0,0,0,0,1,0,0,0,0,0,2,0,0,0,0,0,1,0,0,0,0,0,0,1,3,0,0,0,0,0,0,0,0,0,0,9,0,3,2,0,0,0,1,63,0,0,0,0,0,0,0,0,0,0,0,1,0,0,0,0,0,0,0,"NIGHTLIFE, INDUSTRIAL_BUILDING, REPAIR_FACILITY, CAFE_PUB, RESTAURANT, RESIDENTIAL_ACCOMMODATION, PLACE_OF_WORSHIP, SCHOOL, SHOP, MEDIA_FACILITY, GOVERNMENT_OFFICE, TRANSPORT_AUTHORITY_VEHICLE_REGISTRATION, COMPANY, DOCTOR, PHARMACY",15,15
"Worli, Mumbai, Maharashtra",19.001465,72.8160656,100,100,0,0,0,0,0,0,0,4,0,0,0,2,0,0,0,0,0,0,0,0,0,0,3,0,0,2,0,5,0,0,0,0,0,0,0,0,0,0,3,0,2,1,0,0,3,1,0,2,1,2,0,0,0,0,0,0,0,0,2,0,1,0,0,0,0,0,1,2,4,0,0,1,0,0,1,0,0,0,0,1,0,12,21,0,0,0,0,22,0,1,0,0,0,0,0,0,0,0,0,0,0,0,0,0,0,0,0,"INDUSTRIAL_BUILDING, POST_OFFICE, HEALTH_CARE_SERVICE, BANK, DOCTOR, COMPANY, IMPORTANT_TOURIST_ATTRACTION, PHARMACY, NIGHTLIFE, GOVERNMENT_OFFICE, HOTEL_MOTEL, PUBLIC_AMENITY, LEISURE_CENTER, RESIDENTIAL_ACCOMMODATION, PLACE_OF_WORSHIP, SPORTS_CENTER, HOSPITAL_POLYCLINIC, GEOGRAPHIC_FEATURE, RESTAURANT, CAFE_PUB, REPAIR_FACILITY, DENTIST, SHOP, MUSEUM, PETROL_STATION",25,25
"Bandra West, Mumbai, Maharashtra",19.0588335,72.8346685,100,100,0,0,0,0,0,0,0,4,0,0,0,0,0,0,0,0,0,0,0,1,6,0,5,0,0,4,0,6,0,0,0,0,0,0,0,0,0,0,0,0,0,3,0,0,3,1,0,0,0,1,0,0,0,0,0,0,0,0,0,0,1,0,0,0,0,0,0,0,1,1,0,0,0,0,0,0,0,0,0,0,0,17,4,0,0,0,1,39,1,1,0,0,0,0,0,0,0,0,0,0,0,0,0,0,0,0,0,"HEALTH_CARE_SERVICE, BANK, SHOPPING_CENTER, SCHOOL, DOCTOR, COMPANY, NIGHTLIFE, HOTEL_MOTEL, COLLEGE_UNIVERSITY, LEISURE_CENTER, RESIDENTIAL_ACCOMMODATION, PLACE_OF_WORSHIP, SPORTS_CENTER, COMMERCIAL_BUILDING, HOSPITAL_POLYCLINIC, RESTAURANT, DENTIST, SHOP, POLICE_STATION",19,19
"Lower Parel, Mumbai, Maharashtra",18.9962663,72.8268788,100,100,0,0,0,0,0,0,0,0,0,0,0,2,0,0,0,0,0,0,0,0,0,0,7,0,0,0,0,5,0,0,0,0,0,0,0,0,0,0,2,0,0,0,0,0,0,0,0,0,1,0,0,0,0,0,0,0,0,0,0,0,0,0,1,0,0,0,0,3,0,0,0,0,0,0,0,0,0,0,0,0,0,6,31,0,0,0,1,39,0,2,0,0,0,0,0,0,0,0,0,0,0,0,0,0,0,0,0,"INDUSTRIAL_BUILDING, GEOGRAPHIC_FEATURE, CAFE_PUB, RESTAURANT, RESIDENTIAL_ACCOMMODATION, SCHOOL, SPORTS_CENTER, SHOP, OPEN_PARKING_AREA, DOCTOR, COMPANY, PHARMACY",12,12
"Vashi, Navi Mumbai, Maharashtra",19.0761766,73.0020679,100,100,0,0,0,0,0,0,1,1,0,0,0,3,0,0,0,0,0,0,0,2,0,0,11,0,0,1,0,5,0,0,0,0,0,0,0,0,0,0,1,0,1,0,0,1,0,8,0,0,0,0,1,0,0,0,0,0,0,0,0,0,4,0,0,0,0,1,1,3,0,0,0,0,0,0,0,0,0,0,0,2,0,30,13,0,0,0,3,7,0,0,0,0,0,0,0,0,0,0,0,0,0,0,0,0,0,0,0,"BANK, SCHOOL, COMPANY, DOCTOR, LIBRARY, PHARMACY, NIGHTLIFE, PARK_RECREATION_AREA, GOVERNMENT_OFFICE, HOTEL_MOTEL, COLLEGE_UNIVERSITY, HOLIDAY_RENTAL, RESIDENTIAL_ACCOMMODATION, REPAIR_FACILITY, RESTAURANT, CAFE_PUB, GEOGRAPHIC_FEATURE, AUTOMOTIVE_DEALER, DENTIST, SHOP, PETROL_STATION",21,21
"Thane West, Thane, Maharashtra",19.276338,72.9590781,100,100,0,0,0,0,0,0,2,1,0,0,0,0,0,0,0,0,0,0,0,0,0,0,16,0,0,1,0,0,0,0,0,0,0,0,0,0,0,0,0,0,0,0,0,0,2,4,0,0,0,0,0,0,0,0,0,0,0,0,0,0,3,0,0,0,0,0,1,1,5,0,0,0,0,0,0,0,0,0,0,10,0,1,12,0,0,0,2,39,0,0,0,0,0,0,0,0,0,0,0,0,0,0,0,0,0,0,0,"NIGHTLIFE, REPAIR_FACILITY, RESTAURANT, BANK, RESIDENTIAL_ACCOMMODATION, PLACE_OF_WORSHIP, SCHOOL, AUTOMOTIVE_DEALER, DENTIST, SHOP, HOTEL_MOTEL, COMPANY, PETROL_STATION, HOSPITAL_POLYCLINIC, PHARMACY",15,15
"Kothrud, Pune, Maharashtra",18.5010542,73.8116455,100,100,0,0,0,0,0,0,0,0,0,0,0,0,0,0,0,0,0,0,0,0,0,0,4,0,0,0,0,7,0,0,0,0,0,1,0,0,0,0,0,0,0,0,0,0,0,0,0,0,1,0,0,0,0,0,0,0,0,0,0,0,0,0,0,0,0,0,0,4,5,0,0,0,0,0,0,0,0,0,0,0,0,30,1,0,0,0,1,45,0,1,0,0,0,0,0,0,0,0,0,0,0,0,0,0,0,0,0,"INDUSTRIAL_BUILDING, RESTAURANT, RESIDENTIAL_ACCOMMODATION, PLACE_OF_WORSHIP, SPORTS_CENTER, SCHOOL, SHOP, COMPANY, DOCTOR, EXHIBITION_CONVENTION_CENTER, PHARMACY",11,11
"Viman Nagar, Pune, Maharashtra",18.5411985,73.8024415,100,100,0,0,0,0,0,0,0,2,0,0,0,2,0,0,0,0,0,0,0,0,0,0,4,0,0,0,0,1,0,0,0,0,0,0,0,1,0,0,0,0,3,0,0,0,0,1,0,0,1,0,0,0,0,1,0,0,0,0,0,0,0,0,0,0,0,1,0,0,2,0,0,0,0,0,1,0,0,0,0,0,0,45,5,0,0,0,5,18,0,2,0,0,0,0,0,0,0,0,0,0,0,0,0,0,5,0,0,"INDUSTRIAL_BUILDING, CAFE_PUB, RESTAURANT, BANK, RESIDENTIAL_ACCOMMODATION, PARK_RECREATION_AREA, PLACE_OF_WORSHIP, SCHOOL, SPORTS_CENTER, SHOP, MARKET, WELFARE_ORGANIZATION, GOVERNMENT_OFFICE, DOCTOR, PUBLIC_AMENITY, HOTEL_MOTEL, FIRE_STATION_BRIGADE, COMPANY",18,18
"Wakad, Pune, Maharashtra",18.5963419,73.7718897,100,100,0,0,0,0,0,0,0,1,0,0,0,2,0,0,0,0,0,0,0,0,3,0,1,0,0,2,0,11,0,0,0,1,0,0,0,0,0,0,0,0,0,0,0,0,0,0,0,0,0,0,0,0,0,1,0,0,0,0,0,0,0,0,0,0,0,0,0,3,0,0,0,0,0,0,0,0,0,0,0,1,0,18,15,0,0,0,4,37,0,0,0,0,0,0,0,0,0,0,0,0,0,0,0,0,0,0,0,"REPAIR_FACILITY, RESTAURANT, CAFE_PUB, BANK, RESIDENTIAL_ACCOMMODATION, SCHOOL, DENTIST, SHOP, COMMERCIAL_BUILDING, MARKET, DOCTOR, ENTERTAINMENT, COMPANY, PHARMACY",14,14
"Hinjewadi, Pune, Maharashtra",18.5979574,73.700786,93,93,0,0,0,0,0,0,3,2,0,0,1,9,0,0,0,0,0,0,0,0,0,0,35,0,0,0,0,0,1,0,0,0,0,0,0,0,0,0,0,0,0,0,0,0,0,2,0,0,2,0,0,0,0,0,0,0,0,0,0,0,0,0,0,0,0,0,0,7,0,0,0,0,0,0,0,0,0,0,0,2,0,6,18,0,0,0,0,0,0,5,0,0,0,0,0,0,0,0,0,0,0,0,0,0,0,0,0,"INDUSTRIAL_BUILDING, REPAIR_FACILITY, CAFE_PUB, RESTAURANT, BANK, RESIDENTIAL_ACCOMMODATION, BUSINESS_PARK, SPORTS_CENTER, ELECTRIC_VEHICLE_STATION, AUTOMOTIVE_DEALER, HOTEL_MOTEL, COMPANY, PHARMACY",13,13
"Whitefield, Bangalore, Karnataka",12.9943542,77.7585209,100,100,0,0,0,0,0,0,1,3,0,0,0,0,0,0,0,0,0,0,0,0,1,0,5,0,0,2,0,1,0,0,0,0,0,0,0,0,0,0,1,0,1,1,0,0,2,10,0,0,1,0,0,0,0,0,0,0,0,0,0,0,0,0,1,0,0,1,0,1,4,2,0,0,0,0,0,0,2,0,0,4,0,4,10,0,0,0,2,39,0,0,0,0,0,0,0,0,0,0,0,0,0,1,0,0,0,0,0,"INDUSTRIAL_BUILDING, HEALTH_CARE_SERVICE, BANK, SCHOOL, COMPANY, DOCTOR, PHARMACY, PARK_RECREATION_AREA, VETERINARIAN, HOTEL_MOTEL, GOVERNMENT_OFFICE, RAILWAY_STATION, RESIDENTIAL_ACCOMMODATION, PLACE_OF_WORSHIP, COMMERCIAL_BUILDING, HOSPITAL_POLYCLINIC, GEOGRAPHIC_FEATURE, RESTAURANT, REPAIR_FACILITY, AUTOMOTIVE_DEALER, DENTIST, SHOP, OPEN_PARKING_AREA, POLICE_STATION",24,24
"Electronic City, Bangalore, Karnataka",12.8478071,77.6631929,100,100,0,0,0,0,0,0,0,4,0,0,1,6,0,0,0,0,0,0,0,1,1,0,28,0,0,1,0,0,0,0,0,0,0,0,0,0,0,0,0,0,1,0,0,0,1,3,0,0,0,0,0,0,0,0,0,0,0,0,0,0,0,0,1,0,1,0,0,0,1,0,0,0,0,0,0,0,0,0,0,0,0,0,37,0,0,0,3,8,0,1,1,0,0,0,0,0,0,0,0,0,0,0,0,0,0,0,0,"RESTAURANT, CAFE_PUB, BANK, PARKING_GARAGE, STADIUM, BUSINESS_PARK, PLACE_OF_WORSHIP, SCHOOL, SPORTS_CENTER, DENTIST, SHOP, COMMERCIAL_BUILDING, OPEN_PARKING_AREA, GOVERNMENT_OFFICE, COMPANY, HOTEL_MOTEL, HOSPITAL_POLYCLINIC, COLLEGE_UNIVERSITY",18,18
"Marathahalli, Bangalore, Karnataka",12.9545264,77.7027027,100,100,0,0,0,0,0,0,2,0,0,0,0,1,0,0,0,0,0,0,0,0,0,0,2,0,0,1,0,0,0,0,0,0,0,0,0,0,0,0,0,0,1,0,0,0,0,23,0,0,0,0,0,0,0,2,0,0,0,0,0,0,0,0,2,0,0,0,0,4,2,0,0,0,0,0,0,0,0,0,0,1,0,15,17,0,0,0,7,19,0,1,0,0,0,0,0,0,0,0,0,0,0,0,0,0,0,0,0,"REPAIR_FACILITY, RESTAURANT, CAFE_PUB, RESIDENTIAL_ACCOMMODATION, PLACE_OF_WORSHIP, SCHOOL, SPORTS_CENTER, AUTOMOTIVE_DEALER, DENTIST, SHOP, MARKET, GOVERNMENT_OFFICE, HOTEL_MOTEL, COMPANY, OPEN_PARKING_AREA, PHARMACY",16,16
"HSR Layout, Bangalore, Karnataka",12.9165423,77.6519551,100,100,0,0,0,0,0,0,0,0,0,0,0,0,0,0,0,0,0,0,0,0,1,0,28,0,0,0,0,0,0,0,0,0,1,0,0,0,0,0,0,0,0,0,0,0,2,0,0,0,0,1,0,0,0,0,0,0,0,0,0,0,0,0,0,0,0,0,0,4,0,0,0,0,0,0,0,0,0,0,0,1,0,0,0,0,0,0,0,61,1,0,0,0,0,0,0,0,0,0,0,0,0,0,0,0,0,0,0,"REPAIR_FACILITY, SHOPPING_CENTER, SHOP, COMMERCIAL_BUILDING, COMPANY, HOSPITAL_POLYCLINIC, PHARMACY, LEISURE_CENTER, EXCHANGE",9,9
"New Town, Kolkata, West Bengal",22.4761739,88.3478394,100,100,0,0,0,0,0,0,0,1,0,0,0,2,0,0,0,0,0,0,0,0,0,0,6,0,0,0,0,2,0,0,0,0,0,0,0,0,0,0,0,0,1,0,0,0,0,0,0,0,0,0,1,0,0,0,0,0,0,0,0,0,0,0,0,0,0,0,0,4,5,0,0,1,1,0,0,0,0,0,0,1,0,13,0,0,0,0,7,53,0,2,0,0,0,0,0,0,0,0,0,0,0,0,0,0,0,0,0,"POST_OFFICE, REPAIR_FACILITY, CAFE_PUB, BANK, RESIDENTIAL_ACCOMMODATION, PLACE_OF_WORSHIP, SCHOOL, SPORTS_CENTER, PRIMARY_RESOURCE_UTILITY, SHOP, GOVERNMENT_OFFICE, COMPANY, DOCTOR, LIBRARY, PHARMACY",15,15
"Howrah, West Bengal",22.5944824,88.265686,100,100,0,0,0,0,0,0,2,1,0,0,0,4,0,0,0,0,0,0,1,1,0,0,0,0,0,0,0,7,0,0,0,0,0,0,0,0,0,0,2,0,1,1,0,0,2,6,0,0,0,0,0,0,0,0,0,0,0,0,0,0,0,0,0,0,0,2,2,4,8,0,0,0,0,0,0,0,0,0,0,2,0,0,12,0,0,0,3,39,0,0,0,0,0,0,0,0,0,0,0,0,0,0,0,0,0,0,0,"HEALTH_CARE_SERVICE, BANK, SCHOOL, DOCTOR, CLUB_ASSOCIATION, PHARMACY, PARK_RECREATION_AREA, GOVERNMENT_OFFICE, HOTEL_MOTEL, COLLEGE_UNIVERSITY, PLACE_OF_WORSHIP, HOSPITAL_POLYCLINIC, REPAIR_FACILITY, RESTAURANT, CAFE_PUB, GEOGRAPHIC_FEATURE, AUTOMOTIVE_DEALER, SHOP, PETROL_STATION",19,19
"Rajarhat, Kolkata, West Bengal",22.5655734,88.3702152,100,100,3,0,0,0,0,0,0,3,0,0,0,4,0,0,0,0,1,0,0,1,1,0,1,0,0,0,0,0,0,0,0,0,1,0,0,0,0,0,0,0,1,2,0,0,3,15,0,0,1,0,0,0,0,2,0,0,0,0,0,0,0,0,0,0,0,0,0,11,2,0,0,1,0,0,0,0,1,2,0,0,0,0,34,0,0,0,2,7,1,0,0,0,0,0,0,0,0,0,0,0,0,0,0,0,0,0,0,"INDUSTRIAL_BUILDING, POST_OFFICE, HEALTH_CARE_SERVICE, BANK, SHOPPING_CENTER, SCHOOL, COMPANY, PHARMACY, EXCHANGE, MARKET, GOVERNMENT_OFFICE, HOTEL_MOTEL, RAILWAY_STATION, COLLEGE_UNIVERSITY, RENT_A_CAR_FACILITY, PLACE_OF_WORSHIP, COMMERCIAL_BUILDING, CINEMA, HOSPITAL_POLYCLINIC, RESTAURANT, CAFE_PUB, SHOP, ACCESS_GATEWAY",23,23
"Ballygunge, Kolkata, West Bengal",22.5279746,88.3629966,100,100,0,0,0,0,0,0,1,4,0,0,0,0,0,0,0,0,0,0,0,5,1,0,8,0,0,5,0,3,0,1,0,0,1,2,0,0,0,0,0,0,3,0,0,0,3,8,0,0,0,0,0,0,0,0,0,0,0,0,0,0,1,0,0,0,0,0,0,1,3,0,0,1,0,0,1,0,0,0,0,0,0,21,4,0,0,0,2,21,0,0,0,0,0,0,0,0,0,0,0,0,0,0,0,0,0,0,0,"POST_OFFICE, BANK, SCHOOL, COMPANY, DOCTOR, PHARMACY, EXCHANGE, NIGHTLIFE, EMBASSY, GOVERNMENT_OFFICE, HOTEL_MOTEL, PUBLIC_AMENITY, COLLEGE_UNIVERSITY, RESIDENTIAL_ACCOMMODATION, PLACE_OF_WORSHIP, COMMERCIAL_BUILDING, EXHIBITION_CONVENTION_CENTER, HOSPITAL_POLYCLINIC, RESTAURANT, AUTOMOTIVE_DEALER, DENTIST, SHOP",22,22
"Vaishali Nagar, Jaipur, Rajasthan",26.9060132,75.7407346,100,100,0,0,0,0,0,0,1,2,0,0,0,0,0,0,0,0,0,0,0,0,0,0,19,0,0,0,0,0,0,0,0,0,0,0,0,0,0,0,1,0,0,0,0,0,0,5,0,0,0,0,0,0,0,0,0,0,0,0,0,0,0,0,0,0,0,0,0,0,0,0,0,0,0,0,0,0,0,0,0,3,0,0,20,0,0,0,0,47,0,2,0,0,0,0,0,0,0,0,0,0,0,0,0,0,0,0,0,"GEOGRAPHIC_FEATURE, RESTAURANT, REPAIR_FACILITY, BANK, SPORTS_CENTER, AUTOMOTIVE_DEALER, SHOP, HOTEL_MOTEL, COMPANY",9,9
"Malviya Nagar, Jaipur, Rajasthan",26.8554493,75.8203746,100,100,0,0,0,0,0,0,0,2,0,0,0,0,0,0,0,0,0,0,0,0,0,0,5,0,0,1,0,1,0,0,0,0,0,0,0,0,0,0,1,0,1,0,0,0,1,5,0,0,0,0,0,0,0,0,0,0,0,0,1,0,1,0,0,0,0,2,0,7,5,0,0,0,1,0,0,0,0,0,0,1,0,1,11,0,0,0,0,53,0,0,0,0,0,0,0,0,0,0,0,0,0,0,0,0,0,0,0,"NIGHTLIFE, GEOGRAPHIC_FEATURE, RESTAURANT, REPAIR_FACILITY, BANK, RESIDENTIAL_ACCOMMODATION, PARK_RECREATION_AREA, PLACE_OF_WORSHIP, DENTIST, PRIMARY_RESOURCE_UTILITY, SHOP, MUSEUM, GOVERNMENT_OFFICE, HOTEL_MOTEL, COMPANY, DOCTOR, HOSPITAL_POLYCLINIC, PHARMACY",18,18
"C Scheme, Jaipur, Rajasthan",26.9842393,75.761852,100,100,0,0,0,0,0,0,0,0,0,0,0,0,0,0,0,0,0,0,0,0,1,0,20,0,0,1,0,0,0,0,0,0,0,0,0,0,0,0,3,0,1,0,0,0,0,0,0,0,0,0,0,0,0,0,0,0,0,0,0,0,0,0,0,0,0,1,0,2,1,0,0,0,0,0,0,0,0,0,0,3,0,0,2,0,0,0,1,63,0,1,0,0,0,0,0,0,0,0,0,0,0,0,0,0,0,0,0,"GEOGRAPHIC_FEATURE, RESTAURANT, REPAIR_FACILITY, PARK_RECREATION_AREA, PLACE_OF_WORSHIP, SPORTS_CENTER, SCHOOL, DENTIST, SHOP, COMMERCIAL_BUILDING, GOVERNMENT_OFFICE, COMPANY, PHARMACY",13,13
"Satellite, Ahmedabad, Gujarat",23.0251898,72.5246919,100,100,0,0,0,0,0,0,0,1,0,0,0,0,0,0,0,0,0,0,0,0,2,0,12,0,0,0,0,6,0,0,0,0,0,0,0,0,0,0,1,0,0,0,0,0,0,2,0,0,0,0,0,0,0,0,0,0,0,0,0,0,0,0,0,0,0,0,0,0,0,0,0,0,1,0,0,0,0,0,0,5,0,7,6,0,0,0,1,55,1,0,0,0,0,0,0,0,0,0,0,0,0,0,0,0,0,0,0,"REPAIR_FACILITY, RESTAURANT, GEOGRAPHIC_FEATURE, BANK, RESIDENTIAL_ACCOMMODATION, SHOPPING_CENTER, SCHOOL, PRIMARY_RESOURCE_UTILITY, SHOP, COMMERCIAL_BUILDING, HOTEL_MOTEL, COMPANY, DOCTOR",13,13
"Bodakdev, Ahmedabad, Gujarat",23.0443645,72.517923,100,100,0,0,0,0,0,0,0,0,0,0,0,2,0,0,0,0,0,0,1,0,2,0,24,0,0,0,0,1,0,0,0,0,0,0,0,0,0,0,1,0,1,0,0,0,0,3,0,0,0,0,0,0,0,0,0,0,0,0,0,0,0,1,0,0,0,0,0,4,3,0,0,0,1,0,0,0,0,0,0,2,0,26,4,0,0,0,2,20,0,2,0,0,0,0,0,0,0,0,0,0,0,0,0,0,0,0,0,"GEOGRAPHIC_FEATURE, RESTAURANT, CAFE_PUB, REPAIR_FACILITY, RESIDENTIAL_ACCOMMODATION, NON_GOVERNMENTAL_ORGANIZATION, PLACE_OF_WORSHIP, SCHOOL, SPORTS_CENTER, PRIMARY_RESOURCE_UTILITY, SHOP, COMMERCIAL_BUILDING, GOVERNMENT_OFFICE, HOTEL_MOTEL, DOCTOR, COMPANY, CLUB_ASSOCIATION, PHARMACY",18,18
"Navrangpura, Ahmedabad, Gujarat",23.0374547,72.5639835,100,100,0,0,0,0,0,0,1,2,0,0,0,0,0,0,0,0,0,0,0,0,11,0,22,0,0,1,0,1,2,0,0,0,0,1,0,0,0,0,0,0,1,0,0,0,2,1,0,0,0,0,0,0,0,0,1,0,0,0,0,0,0,0,0,0,0,0,0,0,1,0,0,0,0,0,0,0,0,0,0,0,0,25,11,0,0,0,2,14,0,1,0,0,0,0,0,0,0,0,0,0,0,0,0,0,0,0,0,"RESTAURANT, BANK, RESIDENTIAL_ACCOMMODATION, PLACE_OF_WORSHIP, SPORTS_CENTER, ELECTRIC_VEHICLE_STATION, SCHOOL, AUTOMOTIVE_DEALER, DENTIST, COMMERCIAL_BUILDING, SHOP, GOVERNMENT_OFFICE, MEDIA_FACILITY, COMPANY, DOCTOR, HOTEL_MOTEL, HOSPITAL_POLYCLINIC, EXHIBITION_CONVENTION_CENTER",18,18
"Maninagar, Ahmedabad, Gujarat",22.9832788,72.6140353,100,100,0,0,0,0,0,0,1,1,0,0,0,0,0,0,0,0,0,0,0,0,3,0,5,0,0,2,0,3,0,0,0,0,0,0,0,0,0,0,1,0,2,0,0,0,3,0,0,1,0,0,0,0,0,0,0,0,0,0,0,0,0,0,1,0,0,0,0,2,5,0,0,1,0,0,1,0,0,0,0,2,0,15,4,0,0,0,12,35,0,0,0,0,0,0,0,0,0,0,0,0,0,0,0,0,0,0,0,"POST_OFFICE, BANK, SCHOOL, DOCTOR, COMPANY, IMPORTANT_TOURIST_ATTRACTION, PHARMACY, GOVERNMENT_OFFICE, PUBLIC_AMENITY, RESIDENTIAL_ACCOMMODATION, PLACE_OF_WORSHIP, COMMERCIAL_BUILDING, HOSPITAL_POLYCLINIC, GEOGRAPHIC_FEATURE, REPAIR_FACILITY, RESTAURANT, AUTOMOTIVE_DEALER, DENTIST, SHOP, OPEN_PARKING_AREA",20,20
"Paldi, Ahmedabad, Gujarat",23.0129278,72.5557872,100,100,0,0,0,0,0,0,0,1,0,0,0,0,0,0,0,0,0,0,0,0,0,0,0,0,0,0,0,1,0,0,0,0,0,1,0,0,0,0,0,0,0,0,0,0,0,1,0,0,0,0,0,0,0,0,0,0,0,0,0,0,0,0,0,0,0,0,0,1,2,0,0,0,0,0,0,0,0,0,0,0,0,84,1,0,0,0,0,6,0,2,0,0,0,0,0,0,0,0,0,0,0,0,0,0,0,0,0,"RESTAURANT, BANK, RESIDENTIAL_ACCOMMODATION, PLACE_OF_WORSHIP, SPORTS_CENTER, SHOP, HOTEL_MOTEL, DOCTOR, EXHIBITION_CONVENTION_CENTER, PHARMACY",10,10
"Ernakulam, Kochi, Kerala",9.7511807,76.318561,73,73,0,0,0,0,0,0,1,1,0,0,0,0,0,0,0,0,0,0,0,2,1,0,2,0,0,2,0,1,1,0,0,0,0,1,0,0,0,0,0,0,2,0,0,0,0,0,0,0,2,0,0,0,0,0,0,0,0,0,0,0,0,0,0,0,0,0,1,1,9,0,0,1,0,0,0,0,0,0,0,9,0,0,4,0,0,0,4,27,0,0,0,0,0,1,0,0,0,0,0,0,0,0,0,0,0,0,0,"INDUSTRIAL_BUILDING, POST_OFFICE, BANK, SCHOOL, COMPANY, DOCTOR, PHARMACY, THEATER, GOVERNMENT_OFFICE, COLLEGE_UNIVERSITY, PLACE_OF_WORSHIP, COMMERCIAL_BUILDING, EXHIBITION_CONVENTION_CENTER, REPAIR_FACILITY, RESTAURANT, ELECTRIC_VEHICLE_STATION, AUTOMOTIVE_DEALER, DENTIST, SHOP, PETROL_STATION",20,20
"Kakkanad, Kochi, Kerala",9.9576168,76.2511512,100,100,0,0,0,0,0,0,0,0,0,0,0,0,0,0,0,0,0,0,0,1,0,0,3,0,0,0,0,0,0,0,0,0,0,0,0,0,0,0,0,0,0,0,0,0,1,0,0,1,0,0,0,0,0,0,0,0,0,0,0,0,0,0,0,0,0,0,0,1,1,0,0,0,0,0,0,0,0,0,0,0,0,0,5,0,0,0,2,83,1,0,0,0,0,0,0,0,0,0,0,0,0,0,0,0,1,0,0,"RESTAURANT, SHOPPING_CENTER, PLACE_OF_WORSHIP, SCHOOL, SHOP, WELFARE_ORGANIZATION, COMPANY, IMPORTANT_TOURIST_ATTRACTION, HOSPITAL_POLYCLINIC, PHARMACY, COLLEGE_UNIVERSITY",11,11
"Edappally, Kochi, Kerala",10.0566394,76.291473,100,100,0,0,0,0,0,0,7,1,0,0,0,4,0,0,0,0,0,0,0,0,1,0,7,0,0,0,0,7,0,0,0,0,0,0,0,0,0,0,0,0,1,0,0,0,2,6,0,0,1,0,0,0,0,1,0,0,0,0,0,0,0,0,1,0,0,0,1,4,7,1,0,0,0,0,0,0,0,0,0,7,0,2,7,0,0,0,3,28,0,1,0,0,0,0,0,0,0,0,0,0,0,0,0,0,0,0,0,"INDUSTRIAL_BUILDING, BANK, SCHOOL, DOCTOR, COMPANY, PHARMACY, MARKET, GOVERNMENT_OFFICE, HOTEL_MOTEL, RESIDENTIAL_ACCOMMODATION, PLACE_OF_WORSHIP, SPORTS_CENTER, COMMERCIAL_BUILDING, HOSPITAL_POLYCLINIC, REPAIR_FACILITY, RESTAURANT, CAFE_PUB, AUTOMOTIVE_DEALER, SHOP, OPEN_PARKING_AREA, PETROL_STATION, POLICE_STATION",22,22
"Palarivattom, Kochi, Kerala",9.9576168,76.2511512,100,100,0,0,0,0,0,0,0,0,0,0,0,0,0,0,0,0,0,0,0,1,0,0,3,0,0,0,0,0,0,0,0,0,0,0,0,0,0,0,0,0,0,0,0,0,1,0,0,1,0,0,0,0,0,0,0,0,0,0,0,0,0,0,0,0,0,0,0,1,1,0,0,0,0,0,0,0,0,0,0,0,0,0,5,0,0,0,2,83,1,0,0,0,0,0,0,0,0,0,0,0,0,0,0,0,1,0,0,"RESTAURANT, SHOPPING_CENTER, PLACE_OF_WORSHIP, SCHOOL, SHOP, WELFARE_ORGANIZATION, COMPANY, IMPORTANT_TOURIST_ATTRACTION, HOSPITAL_POLYCLINIC, PHARMACY, COLLEGE_UNIVERSITY",11,11
"Kadavanthra, Kochi, Kerala",9.9576168,76.2511512,100,100,0,0,0,0,0,0,0,0,0,0,0,0,0,0,0,0,0,0,0,1,0,0,3,0,0,0,0,0,0,0,0,0,0,0,0,0,0,0,0,0,0,0,0,0,1,0,0,1,0,0,0,0,0,0,0,0,0,0,0,0,0,0,0,0,0,0,0,1,1,0,0,0,0,0,0,0,0,0,0,0,0,0,5,0,0,0,2,83,1,0,0,0,0,0,0,0,0,0,0,0,0,0,0,0,1,0,0,"RESTAURANT, SHOPPING_CENTER, PLACE_OF_WORSHIP, SCHOOL, SHOP, WELFARE_ORGANIZATION, COMPANY, IMPORTANT_TOURIST_ATTRACTION, HOSPITAL_POLYCLINIC, PHARMACY, COLLEGE_UNIVERSITY",11,11
"Thiruvananthapuram City, Kerala",8.4946496,76.9449992,100,100,0,0,0,0,0,0,0,0,0,0,0,0,0,0,0,0,0,0,0,1,3,0,18,0,0,1,0,0,0,0,0,1,0,1,0,0,0,0,1,0,6,0,0,0,0,3,0,0,0,0,0,0,0,0,0,0,0,0,0,0,0,0,0,0,0,0,0,3,1,0,0,0,0,0,0,0,0,0,0,2,0,39,2,0,0,0,4,14,0,0,0,0,0,0,0,0,0,0,0,0,0,0,0,0,0,0,0,"REPAIR_FACILITY, RESTAURANT, GEOGRAPHIC_FEATURE, RESIDENTIAL_ACCOMMODATION, PLACE_OF_WORSHIP, SCHOOL, DENTIST, SHOP, COMMERCIAL_BUILDING, GOVERNMENT_OFFICE, HOTEL_MOTEL, COMPANY, ENTERTAINMENT, EXHIBITION_CONVENTION_CENTER, PHARMACY, COLLEGE_UNIVERSITY",16,16
"Kozhikode City, Kerala",11.2341272,75.795501,100,100,0,0,0,0,0,0,1,1,0,0,0,6,0,0,0,0,1,0,0,1,2,0,5,0,0,0,0,1,0,0,0,0,0,0,0,0,0,0,3,0,1,0,0,0,1,4,0,1,1,0,0,0,0,0,0,0,0,0,0,0,0,0,0,0,0,0,0,1,9,0,0,0,0,0,0,0,0,0,0,4,0,9,1,0,0,0,12,29,3,1,0,0,0,0,2,0,0,0,0,0,0,0,0,0,0,0,0,"TOURIST_INFORMATION_OFFICE, INDUSTRIAL_BUILDING, BANK, SHOPPING_CENTER, SCHOOL, COMPANY, DOCTOR, IMPORTANT_TOURIST_ATTRACTION, PHARMACY, GOVERNMENT_OFFICE, HOTEL_MOTEL, COLLEGE_UNIVERSITY, RESIDENTIAL_ACCOMMODATION, PLACE_OF_WORSHIP, SPORTS_CENTER, CINEMA, COMMERCIAL_BUILDING, HOSPITAL_POLYCLINIC, GEOGRAPHIC_FEATURE, REPAIR_FACILITY, CAFE_PUB, RESTAURANT, AUTOMOTIVE_DEALER, SHOP",24,24
"Thrissur City, Kerala",10.5239038,76.2122541,100,100,0,0,0,0,0,0,0,4,0,0,0,2,0,0,0,0,0,0,0,2,4,0,8,0,0,0,0,1,0,0,0,0,0,0,0,0,0,0,0,0,1,0,0,0,0,2,0,1,1,0,0,0,0,0,0,0,0,0,0,0,0,0,0,0,0,0,0,0,0,0,0,0,0,0,0,0,0,0,0,0,0,5,9,0,0,0,3,56,1,0,0,0,0,0,0,0,0,0,0,0,0,0,0,0,0,0,0,"INDUSTRIAL_BUILDING, RESTAURANT, CAFE_PUB, BANK, RESIDENTIAL_ACCOMMODATION, SHOPPING_CENTER, SCHOOL, COMMERCIAL_BUILDING, SHOP, GOVERNMENT_OFFICE, HOTEL_MOTEL, COMPANY, DOCTOR, IMPORTANT_TOURIST_ATTRACTION, COLLEGE_UNIVERSITY",15,15
"Kottayam Town, Kerala",9.591754,76.5319074,100,100,0,0,0,0,0,0,0,3,0,0,0,0,0,0,0,0,0,0,0,1,3,0,21,0,0,0,0,0,0,0,0,0,1,0,0,0,0,0,1,0,0,2,0,0,0,3,0,0,2,0,0,0,0,0,0,0,0,0,0,0,0,0,0,0,0,1,0,0,1,0,0,0,0,0,0,0,0,1,0,0,0,0,3,0,0,0,4,53,0,0,0,0,0,0,0,0,0,0,0,0,0,0,0,0,0,0,0,"INDUSTRIAL_BUILDING, GEOGRAPHIC_FEATURE, RESTAURANT, HEALTH_CARE_SERVICE, BANK, PARK_RECREATION_AREA, PLACE_OF_WORSHIP, SCHOOL, SHOP, COMMERCIAL_BUILDING, HOTEL_MOTEL, COMPANY, RENT_A_CAR_FACILITY, COLLEGE_UNIVERSITY, EXCHANGE",15,15
"Vijayawada City, Andhra Pradesh",16.5003355,80.6447439,100,100,0,0,0,0,0,0,2,3,0,0,0,1,0,0,0,0,0,0,0,3,6,0,7,0,0,0,0,0,0,0,0,0,2,0,0,0,0,0,0,0,2,0,0,0,1,7,0,0,0,0,0,0,0,0,0,0,0,0,0,0,0,0,0,0,1,0,0,0,2,0,0,0,0,0,1,0,0,0,0,1,0,3,10,0,0,0,9,27,10,2,0,0,0,0,0,0,0,0,0,0,0,0,0,0,0,0,0,"BANK, PARKING_GARAGE, SHOPPING_CENTER, SCHOOL, COMPANY, EXCHANGE, GOVERNMENT_OFFICE, HOTEL_MOTEL, PUBLIC_AMENITY, COLLEGE_UNIVERSITY, RESIDENTIAL_ACCOMMODATION, PLACE_OF_WORSHIP, SPORTS_CENTER, COMMERCIAL_BUILDING, HOSPITAL_POLYCLINIC, REPAIR_FACILITY, CAFE_PUB, RESTAURANT, AUTOMOTIVE_DEALER, SHOP",20,20
"Visakhapatnam City, Andhra Pradesh",17.710186,83.1769123,42,42,0,0,0,0,0,0,0,1,0,0,0,3,0,0,0,0,0,0,0,1,0,0,0,0,0,0,0,0,0,0,0,0,0,0,0,0,0,0,0,0,1,0,0,0,0,4,0,0,1,0,0,0,0,1,0,0,0,0,0,0,0,0,0,0,0,0,0,0,8,0,0,0,0,0,1,0,0,0,0,0,0,6,3,0,0,0,3,6,0,3,0,0,0,0,0,0,0,0,0,0,0,0,0,0,0,0,0,"INDUSTRIAL_BUILDING, RESTAURANT, CAFE_PUB, BANK, RESIDENTIAL_ACCOMMODATION, PLACE_OF_WORSHIP, SCHOOL, SPORTS_CENTER, SHOP, MARKET, GOVERNMENT_OFFICE, HOTEL_MOTEL, PUBLIC_AMENITY, COLLEGE_UNIVERSITY",14,14
"Guntur City, Andhra Pradesh",16.498447,80.6439998,100,100,0,0,0,0,0,0,0,2,0,0,0,1,0,0,0,0,0,0,0,3,4,0,5,0,0,0,0,0,1,0,0,0,1,3,0,0,0,0,0,0,6,0,0,1,1,5,0,0,0,0,0,0,0,0,0,0,0,0,0,0,0,0,0,0,0,0,0,0,0,0,0,0,0,0,1,0,0,0,0,6,0,33,4,0,0,0,5,17,1,0,0,0,0,0,0,0,0,0,0,0,0,0,0,0,0,0,0,"BANK, SHOPPING_CENTER, SCHOOL, COMPANY, EXCHANGE, GOVERNMENT_OFFICE, HOTEL_MOTEL, PUBLIC_AMENITY, COLLEGE_UNIVERSITY, HOLIDAY_RENTAL, RESIDENTIAL_ACCOMMODATION, COMMERCIAL_BUILDING, EXHIBITION_CONVENTION_CENTER, HOSPITAL_POLYCLINIC, REPAIR_FACILITY, RESTAURANT, CAFE_PUB, ELECTRIC_VEHICLE_STATION, SHOP",19,19
"Tirupati, Andhra Pradesh",13.6287278,79.4190701,100,100,0,0,0,0,0,0,0,1,0,0,0,0,0,0,0,0,0,0,0,0,0,0,4,0,0,1,0,0,0,0,0,0,0,0,0,0,0,0,1,0,0,0,0,1,0,25,0,0,0,0,0,0,0,0,0,0,0,0,0,0,0,0,0,0,0,0,0,7,2,0,0,0,0,0,1,0,0,0,0,0,0,0,9,0,0,0,0,48,0,0,0,0,0,0,0,0,0,0,0,0,0,0,0,0,0,0,0,"HOLIDAY_RENTAL, GEOGRAPHIC_FEATURE, RESTAURANT, BANK, PLACE_OF_WORSHIP, DENTIST, SHOP, HOTEL_MOTEL, COMPANY, PUBLIC_AMENITY, PHARMACY",11,11
"Mangalore City, Karnataka",12.9070024,74.8803527,46,46,0,0,0,0,0,0,0,1,0,0,0,0,0,0,0,0,0,0,0,2,1,0,1,0,0,0,0,1,0,0,0,0,0,1,0,0,0,0,1,0,1,0,0,0,0,1,0,0,0,0,0,0,0,0,0,0,0,0,0,0,0,0,0,0,0,0,0,0,18,0,0,0,0,0,0,0,0,0,0,0,0,5,1,0,0,0,3,8,0,0,0,0,0,0,0,0,0,0,0,0,0,1,0,0,0,0,0,"GEOGRAPHIC_FEATURE, RESTAURANT, BANK, RESIDENTIAL_ACCOMMODATION, PLACE_OF_WORSHIP, SCHOOL, SHOP, COMMERCIAL_BUILDING, VETERINARIAN, GOVERNMENT_OFFICE, DOCTOR, COMPANY, EXHIBITION_CONVENTION_CENTER, HOTEL_MOTEL, COLLEGE_UNIVERSITY",15,15
"Hubli City, Karnataka",15.3862196,75.082741,100,100,0,0,0,0,0,0,1,4,0,0,0,0,0,0,0,0,0,0,0,0,0,0,2,0,0,1,0,2,0,0,0,0,0,0,0,0,0,0,0,0,3,0,0,1,0,4,0,2,0,0,0,0,0,0,0,0,0,0,0,0,0,0,0,0,0,1,1,3,5,0,0,0,0,0,0,0,0,0,0,4,0,2,4,0,0,0,5,55,0,0,0,0,0,0,0,0,0,0,0,0,0,0,0,0,0,0,0,"HOLIDAY_RENTAL, REPAIR_FACILITY, RESTAURANT, BANK, RESIDENTIAL_ACCOMMODATION, PARK_RECREATION_AREA, PLACE_OF_WORSHIP, SCHOOL, AUTOMOTIVE_DEALER, DENTIST, SHOP, GOVERNMENT_OFFICE, HOTEL_MOTEL, DOCTOR, PETROL_STATION, IMPORTANT_TOURIST_ATTRACTION, COMPANY, PHARMACY",18,18
"Mysore City, Karnataka",12.3136462,76.6171643,100,100,0,0,0,0,0,0,0,6,0,0,0,7,0,0,0,0,0,0,0,21,1,0,0,0,0,0,0,0,0,0,0,0,0,0,0,0,0,0,0,0,3,0,0,0,2,10,0,1,0,0,2,0,0,0,0,0,0,0,2,0,0,0,1,0,0,3,0,0,1,0,0,4,0,0,0,0,0,0,0,0,0,7,5,0,0,0,13,3,0,7,1,0,0,0,0,0,0,0,0,0,0,0,0,0,0,0,0,"POST_OFFICE, BANK, STADIUM, SCHOOL, IMPORTANT_TOURIST_ATTRACTION, LIBRARY, PARK_RECREATION_AREA, GOVERNMENT_OFFICE, HOTEL_MOTEL, COLLEGE_UNIVERSITY, RESIDENTIAL_ACCOMMODATION, PLACE_OF_WORSHIP, SPORTS_CENTER, COMMERCIAL_BUILDING, HOSPITAL_POLYCLINIC, CAFE_PUB, RESTAURANT, SHOP, MUSEUM, OPEN_PARKING_AREA",20,20
"Coimbatore City, Tamil Nadu",11.0804508,76.8366161,1,1,0,0,0,0,0,0,0,0,0,0,0,0,0,0,0,0,0,0,0,0,0,0,0,0,0,0,0,0,0,0,0,0,0,0,0,0,0,0,0,0,0,0,0,0,0,1,0,0,0,0,0,0,0,0,0,0,0,0,0,0,0,0,0,0,0,0,0,0,0,0,0,0,0,0,0,0,0,0,0,0,0,0,0,0,0,0,0,0,0,0,0,0,0,0,0,0,0,0,0,0,0,0,0,0,0,0,0,HOTEL_MOTEL,1,1
"Madurai City, Tamil Nadu",9.7427816,77.7953645,100,100,0,0,0,0,0,0,4,1,0,0,0,5,0,0,0,0,0,0,0,0,0,0,6,0,0,0,0,3,0,0,0,0,0,0,0,0,0,0,0,0,2,0,0,0,0,4,0,1,2,0,0,0,0,0,0,0,0,0,0,0,0,0,0,0,0,0,2,1,1,0,0,0,0,0,0,0,0,0,0,10,0,0,1,0,0,0,8,49,0,0,0,0,0,0,0,0,0,0,0,0,0,0,0,0,0,0,0,"INDUSTRIAL_BUILDING, REPAIR_FACILITY, CAFE_PUB, RESTAURANT, IMPORTANT_TOURIST_ATTRACTION, BANK, PLACE_OF_WORSHIP, SCHOOL, AUTOMOTIVE_DEALER, SHOP, GOVERNMENT_OFFICE, HOTEL_MOTEL, COMPANY, PETROL_STATION, DOCTOR, PHARMACY",16,16
"Tiruchirappalli, Tamil Nadu",10.8008235,78.6899185,100,100,0,0,0,0,0,0,1,0,0,0,0,1,0,0,0,0,0,0,0,1,3,0,1,0,0,0,0,1,0,0,0,0,0,0,0,0,0,0,0,0,1,0,0,0,0,0,0,0,0,0,0,0,0,1,0,0,0,0,0,0,0,0,0,0,0,0,2,0,2,0,0,3,0,0,2,0,0,0,0,15,0,0,4,0,0,0,2,59,0,1,0,0,0,0,0,0,0,0,0,0,0,0,0,0,0,0,0,"POST_OFFICE, REPAIR_FACILITY, RESTAURANT, CAFE_PUB, PLACE_OF_WORSHIP, SCHOOL, SPORTS_CENTER, AUTOMOTIVE_DEALER, PUBLIC_AMENITY, SHOP, MARKET, COMMERCIAL_BUILDING, GOVERNMENT_OFFICE, COMPANY, PETROL_STATION, DOCTOR, COLLEGE_UNIVERSITY",17,17
"Varanasi City, Uttar Pradesh",25.3096924,83.0056763,100,100,0,0,0,0,0,0,0,1,0,0,0,1,0,0,0,0,0,0,0,0,1,0,2,0,0,0,0,7,0,0,0,0,0,0,0,0,0,0,1,0,2,0,0,0,1,6,0,0,0,0,0,0,0,0,0,0,0,0,0,0,0,0,0,0,0,0,1,6,2,0,0,0,0,0,1,0,0,0,0,1,0,0,5,0,0,0,2,59,1,0,0,0,0,0,0,0,0,0,0,0,0,0,0,0,0,0,0,"PETROL_STATION, REPAIR_FACILITY, RESTAURANT, GEOGRAPHIC_FEATURE, BANK, CAFE_PUB, SHOPPING_CENTER, PLACE_OF_WORSHIP, SCHOOL, PUBLIC_AMENITY, SHOP, COMMERCIAL_BUILDING, GOVERNMENT_OFFICE, HOTEL_MOTEL, COMPANY, DOCTOR, HOSPITAL_POLYCLINIC, PHARMACY",18,18
"Noida Sector 18, Uttar Pradesh",28.5705225,77.3261967,100,100,0,0,0,0,0,1,0,0,0,0,0,0,0,0,0,0,0,0,0,0,2,0,4,0,0,0,0,2,0,0,0,0,1,0,0,0,0,0,0,0,0,0,0,0,0,1,0,0,0,0,0,0,0,1,0,0,0,0,0,0,0,0,0,0,0,0,0,2,0,0,0,0,0,0,0,0,1,0,0,0,0,0,8,0,0,0,1,76,0,0,0,0,0,0,0,0,0,0,0,0,0,0,0,0,0,0,0,"RESTAURANT, SCHOOL, AMUSEMENT_PARK, SHOP, COMMERCIAL_BUILDING, MARKET, HOTEL_MOTEL, COMPANY, DOCTOR, PHARMACY, RAILWAY_STATION, EXCHANGE",12,12
"Greater Noida, Uttar Pradesh",28.4477179,77.524566,100,100,0,0,0,0,0,0,3,5,0,0,0,1,0,0,0,0,0,0,0,0,1,0,14,0,0,0,0,16,0,0,0,0,0,0,0,0,0,0,0,0,1,0,0,1,0,13,0,0,2,0,0,0,0,3,0,0,0,0,0,0,1,0,0,0,0,3,2,1,4,0,0,0,0,0,0,0,0,0,0,0,0,1,10,0,0,0,1,11,3,3,0,0,0,0,0,0,0,0,0,0,0,0,0,0,0,0,0,"INDUSTRIAL_BUILDING, BANK, SHOPPING_CENTER, SCHOOL, DOCTOR, COMPANY, PHARMACY, NIGHTLIFE, PARK_RECREATION_AREA, MARKET, GOVERNMENT_OFFICE, HOTEL_MOTEL, HOLIDAY_RENTAL, RESIDENTIAL_ACCOMMODATION, PLACE_OF_WORSHIP, SPORTS_CENTER, COMMERCIAL_BUILDING, RESTAURANT, CAFE_PUB, AUTOMOTIVE_DEALER, SHOP, PETROL_STATION",22,22
"Gurgaon Cyber City, Haryana",28.4798011,77.0813162,100,100,0,0,0,0,0,0,0,0,0,0,0,1,0,0,0,0,0,0,0,0,0,0,6,0,0,0,0,1,0,0,0,0,0,0,0,0,0,0,0,0,0,0,0,0,0,1,0,0,0,0,0,0,0,2,0,0,0,0,0,0,0,0,0,0,0,0,0,0,0,1,0,0,0,0,0,0,0,0,0,0,0,1,15,0,0,0,0,71,1,0,0,0,0,0,0,0,0,0,0,0,0,0,0,0,0,0,0,"RESTAURANT, CAFE_PUB, RESIDENTIAL_ACCOMMODATION, SHOPPING_CENTER, SHOP, MARKET, HOTEL_MOTEL, COMPANY, DOCTOR, POLICE_STATION",10,10
"Faridabad City, Haryana",28.4841588,77.3257282,100,100,0,0,0,0,0,0,2,2,0,0,0,9,0,0,0,0,0,0,0,0,1,0,0,0,0,0,0,3,0,0,0,0,0,0,0,0,0,0,0,0,1,0,0,0,4,1,0,0,0,0,0,0,0,3,0,0,0,0,0,0,0,0,0,0,0,0,0,9,8,0,0,1,0,0,0,0,0,0,0,1,0,6,14,0,0,0,13,13,0,9,0,0,0,0,0,0,0,0,0,0,0,0,0,0,0,0,0,"POST_OFFICE, REPAIR_FACILITY, CAFE_PUB, RESTAURANT, BANK, RESIDENTIAL_ACCOMMODATION, PLACE_OF_WORSHIP, SPORTS_CENTER, SCHOOL, AUTOMOTIVE_DEALER, SHOP, MARKET, GOVERNMENT_OFFICE, COMMERCIAL_BUILDING, DOCTOR, HOTEL_MOTEL, HOSPITAL_POLYCLINIC, PHARMACY",18,18
"Dehradun City, Uttarakhand",30.118491,78.294956,100,100,0,0,0,0,0,0,0,1,0,0,0,0,0,0,0,0,0,0,0,0,0,0,0,0,0,0,0,0,0,0,0,0,0,0,0,0,0,0,0,0,0,0,0,0,0,2,0,0,0,0,0,0,0,0,0,0,0,0,0,0,0,0,0,0,0,0,0,1,0,0,0,0,0,0,0,0,0,0,0,0,0,0,4,0,0,0,1,84,0,6,0,0,0,0,0,0,0,0,0,0,0,0,1,0,0,0,0,"RESTAURANT, BANK, SPORTS_CENTER, SCHOOL, WATER_SPORT, SHOP, HOTEL_MOTEL, PHARMACY",8,8
"Haridwar City, Uttarakhand",30.0604135,78.2894862,7,7,0,0,0,0,0,0,0,0,0,0,0,2,0,0,0,0,0,0,0,0,0,0,0,0,0,0,0,0,0,0,0,0,0,0,0,0,0,0,0,0,0,0,0,0,0,1,0,0,0,0,0,0,0,0,0,0,0,0,0,0,0,0,0,0,0,1,0,0,1,0,0,0,0,0,0,0,0,0,0,0,0,0,0,0,0,0,1,0,0,1,0,0,0,0,0,0,0,0,0,0,0,0,0,0,0,0,0,"CAFE_PUB, PARK_RECREATION_AREA, PLACE_OF_WORSHIP, SCHOOL, SPORTS_CENTER, HOTEL_MOTEL",6,6
"Amritsar City, Punjab",31.6587342,74.841167,100,100,0,0,0,0,0,0,2,0,0,0,0,1,0,0,0,0,0,0,0,0,0,0,6,0,0,0,0,2,0,0,0,0,0,0,0,0,0,0,0,0,0,0,0,0,0,2,0,0,0,0,0,0,0,0,0,0,0,0,0,0,0,0,0,0,0,0,0,7,1,0,0,0,0,0,0,0,0,0,0,8,0,0,0,0,0,0,2,67,0,2,0,0,0,0,0,0,0,0,0,0,0,0,0,0,0,0,0,"REPAIR_FACILITY, CAFE_PUB, PLACE_OF_WORSHIP, SPORTS_CENTER, SCHOOL, AUTOMOTIVE_DEALER, SHOP, HOTEL_MOTEL, COMPANY, DOCTOR, PHARMACY",11,11
"South Extension, New Delhi",28.5694154,77.2209031,100,100,0,0,0,0,0,0,0,3,0,0,0,0,0,0,0,0,0,0,0,0,0,0,3,0,0,0,0,0,0,0,0,0,0,0,0,0,0,0,0,0,0,0,0,0,0,1,0,0,0,0,0,0,0,1,0,0,0,0,2,0,0,0,0,0,0,0,0,0,0,0,0,0,0,0,0,0,0,0,0,0,0,0,7,0,0,0,8,75,0,0,0,0,0,0,0,0,0,0,0,0,0,0,0,0,0,0,0,"RESTAURANT, BANK, SCHOOL, SHOP, MARKET, MUSEUM, HOTEL_MOTEL, COMPANY",8,8
"Hauz Khas, New Delhi",28.5526463,77.2017518,100,100,0,0,0,0,0,0,0,0,0,0,0,0,0,0,0,0,0,0,0,1,0,0,6,0,0,0,0,0,1,0,0,0,0,0,0,0,0,0,0,0,1,0,0,0,0,4,0,6,0,2,0,0,0,1,0,0,0,0,1,0,0,0,2,0,1,4,0,0,3,0,0,0,0,0,1,0,0,0,0,0,0,0,23,0,0,0,1,41,0,1,0,0,0,0,0,0,0,0,0,0,0,0,0,0,0,0,0,"RESTAURANT, PARKING_GARAGE, PARK_RECREATION_AREA, PLACE_OF_WORSHIP, ELECTRIC_VEHICLE_STATION, SCHOOL, SPORTS_CENTER, PUBLIC_AMENITY, SHOP, MARKET, GOVERNMENT_OFFICE, HOTEL_MOTEL, COMPANY, OPEN_PARKING_AREA, IMPORTANT_TOURIST_ATTRACTION, MUSEUM, COLLEGE_UNIVERSITY, LEISURE_CENTER",18,18
"Lajpat Nagar, New Delhi",28.5731147,77.2462327,100,100,0,0,0,0,0,0,0,0,0,0,0,0,0,0,0,0,0,0,0,0,0,0,1,0,0,5,0,5,0,0,0,0,0,0,0,0,0,0,1,0,10,0,0,1,2,5,0,0,0,0,0,0,0,0,0,0,0,0,0,0,0,0,0,0,0,1,0,5,1,0,0,0,0,0,2,0,0,0,0,2,0,0,6,0,0,0,4,46,0,3,0,0,0,0,0,0,0,0,0,0,0,0,0,0,0,0,0,"HOLIDAY_RENTAL, GEOGRAPHIC_FEATURE, RESTAURANT, REPAIR_FACILITY, PARK_RECREATION_AREA, PLACE_OF_WORSHIP, SPORTS_CENTER, SCHOOL, DENTIST, PUBLIC_AMENITY, SHOP, GOVERNMENT_OFFICE, HOTEL_MOTEL, DOCTOR, COMPANY, HOSPITAL_POLYCLINIC, PHARMACY",17,17
"Saket, New Delhi",28.5257049,77.2143917,100,100,0,0,0,0,0,1,2,6,0,0,0,4,0,0,0,0,0,0,0,0,4,0,4,0,0,1,0,1,3,0,0,0,0,0,0,0,0,0,0,0,1,0,0,0,3,7,0,0,0,0,0,0,0,1,0,0,0,0,0,0,0,0,2,0,1,0,2,4,6,0,0,1,0,0,0,0,0,0,0,1,0,1,30,0,0,0,5,6,0,3,0,0,0,0,0,0,0,0,0,0,0,0,0,0,0,0,0,"POST_OFFICE, BANK, PARKING_GARAGE, SCHOOL, DOCTOR, COMPANY, PHARMACY, AMUSEMENT_PARK, MARKET, GOVERNMENT_OFFICE, HOTEL_MOTEL, RESIDENTIAL_ACCOMMODATION, PLACE_OF_WORSHIP, SPORTS_CENTER, COMMERCIAL_BUILDING, HOSPITAL_POLYCLINIC, REPAIR_FACILITY, RESTAURANT, CAFE_PUB, ELECTRIC_VEHICLE_STATION, AUTOMOTIVE_DEALER, DENTIST, SHOP, OPEN_PARKING_AREA, PETROL_STATION",25,25
"Dwarka Sector 12, New Delhi",28.5969098,77.0419895,100,100,0,0,0,0,0,0,1,2,0,0,0,0,0,0,0,0,0,0,0,0,0,0,10,0,0,0,0,2,0,0,0,0,0,0,0,0,0,0,0,0,1,0,0,0,1,7,0,0,0,0,0,0,0,1,0,0,0,0,0,0,0,0,0,0,0,0,1,0,0,0,0,0,0,0,1,0,0,0,0,1,0,2,15,0,0,0,3,46,0,6,0,0,0,0,0,0,0,0,0,0,0,0,0,0,0,0,0,"REPAIR_FACILITY, RESTAURANT, BANK, RESIDENTIAL_ACCOMMODATION, SPORTS_CENTER, SCHOOL, AUTOMOTIVE_DEALER, PUBLIC_AMENITY, SHOP, MARKET, GOVERNMENT_OFFICE, HOTEL_MOTEL, COMPANY, PETROL_STATION, DOCTOR, HOSPITAL_POLYCLINIC",16,16
"Gurgaon MG Road, Haryana",28.4798011,77.0813162,100,100,0,0,0,0,0,0,0,0,0,0,0,1,0,0,0,0,0,0,0,0,0,0,6,0,0,0,0,1,0,0,0,0,0,0,0,0,0,0,0,0,0,0,0,0,0,1,0,0,0,0,0,0,0,2,0,0,0,0,0,0,0,0,0,0,0,0,0,0,0,1,0,0,0,0,0,0,0,0,0,0,0,1,15,0,0,0,0,71,1,0,0,0,0,0,0,0,0,0,0,0,0,0,0,0,0,0,0,"RESTAURANT, CAFE_PUB, RESIDENTIAL_ACCOMMODATION, SHOPPING_CENTER, SHOP, MARKET, HOTEL_MOTEL, COMPANY, DOCTOR, POLICE_STATION",10,10
"Golf Course Road, Gurgaon, Haryana",28.4626859,77.117071,3,3,0,0,0,0,0,0,0,0,0,0,0,0,0,0,0,0,0,0,0,0,0,0,0,0,0,0,0,0,0,0,0,0,0,0,0,0,0,0,0,0,1,0,0,0,0,0,0,0,0,0,0,0,0,0,0,0,0,0,0,0,0,0,0,0,0,0,0,0,0,0,0,0,0,0,0,0,0,0,0,0,0,0,2,0,0,0,0,0,0,0,0,0,0,0,0,0,0,0,0,0,0,0,0,0,0,0,0,"GOVERNMENT_OFFICE, RESTAURANT",2,2
"Udyog Vihar, Gurgaon, Haryana",28.5048124,77.0695199,100,100,0,0,0,0,0,0,0,0,0,0,0,2,0,0,0,0,0,0,0,1,2,0,26,0,0,0,0,0,0,0,0,0,1,0,0,0,0,0,1,0,0,0,0,2,0,4,0,0,0,0,0,0,0,0,0,0,0,0,0,0,0,0,0,0,0,0,0,2,4,0,0,0,0,0,0,0,0,0,0,12,0,2,18,0,0,0,0,23,0,0,0,0,0,0,0,0,0,0,0,0,0,0,0,0,0,0,0,"HOLIDAY_RENTAL, REPAIR_FACILITY, RESTAURANT, CAFE_PUB, GEOGRAPHIC_FEATURE, RESIDENTIAL_ACCOMMODATION, PLACE_OF_WORSHIP, SHOP, COMMERCIAL_BUILDING, HOTEL_MOTEL, COMPANY, PHARMACY, COLLEGE_UNIVERSITY, EXCHANGE",14,14
"Sohna Road, Gurgaon, Haryana",28.4198873,77.1533811,40,40,0,0,0,0,0,0,2,1,0,0,0,3,0,0,0,0,0,0,0,0,1,0,0,0,0,0,0,1,2,0,0,0,0,0,0,0,0,0,0,0,1,0,0,0,1,0,0,0,2,0,0,0,0,0,0,0,0,0,0,0,0,0,0,0,0,0,2,2,10,0,0,0,0,0,0,0,0,0,0,0,0,0,2,0,0,0,1,7,0,2,0,0,0,0,0,0,0,0,0,0,0,0,0,0,0,0,0,"INDUSTRIAL_BUILDING, CAFE_PUB, RESTAURANT, BANK, PLACE_OF_WORSHIP, ELECTRIC_VEHICLE_STATION, SCHOOL, AUTOMOTIVE_DEALER, SPORTS_CENTER, SHOP, COMMERCIAL_BUILDING, GOVERNMENT_OFFICE, DOCTOR, PETROL_STATION, HOSPITAL_POLYCLINIC, PHARMACY",16,16
"Noida Sector 62, Uttar Pradesh",28.626626,77.3654727,100,100,0,0,0,0,0,0,0,2,0,0,1,10,0,0,0,0,0,0,0,7,5,0,13,0,0,0,0,0,0,0,0,0,0,0,0,0,0,0,0,0,7,0,0,0,0,8,0,0,0,1,0,0,0,0,1,0,0,0,0,0,0,0,0,0,0,6,0,0,2,0,0,0,0,0,0,0,0,0,0,0,0,2,27,0,0,0,6,2,0,0,0,0,0,0,0,0,0,0,0,0,0,0,0,0,0,0,0,"RESTAURANT, CAFE_PUB, BANK, RESIDENTIAL_ACCOMMODATION, BUSINESS_PARK, PARK_RECREATION_AREA, PLACE_OF_WORSHIP, SCHOOL, COMMERCIAL_BUILDING, SHOP, GOVERNMENT_OFFICE, HOTEL_MOTEL, COMPANY, MEDIA_FACILITY, COLLEGE_UNIVERSITY, LEISURE_CENTER",16,16
"Noida Sector 76, Uttar Pradesh",28.568967,77.3852713,100,100,0,0,0,0,0,0,0,0,0,0,0,0,0,0,0,0,0,0,0,0,0,0,2,0,0,4,0,10,0,0,0,0,0,0,0,0,0,0,0,0,0,0,0,0,0,0,0,0,0,0,0,0,0,3,0,0,0,0,0,0,0,0,0,0,0,0,0,6,0,0,0,0,0,0,0,0,0,0,0,0,0,5,47,0,0,0,0,19,0,3,0,0,0,0,0,0,0,0,0,0,0,1,0,0,0,0,0,"RESTAURANT, RESIDENTIAL_ACCOMMODATION, SPORTS_CENTER, DENTIST, SHOP, MARKET, VETERINARIAN, DOCTOR, COMPANY, PHARMACY",10,10
"Colaba, Mumbai, Maharashtra",18.9249319,72.8300808,100,100,0,0,0,0,0,0,0,1,0,0,0,1,0,0,0,0,0,0,0,1,6,0,8,0,0,0,0,1,0,0,0,0,1,2,0,0,0,0,1,0,3,1,0,0,2,4,0,2,3,0,0,0,0,0,0,0,0,0,1,0,1,0,0,0,0,5,0,0,1,1,0,0,0,0,1,0,0,0,0,0,0,12,8,0,0,0,6,21,1,3,1,0,0,0,1,0,0,0,0,0,0,0,0,0,0,0,0,"TOURIST_INFORMATION_OFFICE, INDUSTRIAL_BUILDING, HEALTH_CARE_SERVICE, BANK, STADIUM, SHOPPING_CENTER, SCHOOL, COMPANY, DOCTOR, IMPORTANT_TOURIST_ATTRACTION, EXCHANGE, NIGHTLIFE, PARK_RECREATION_AREA, GOVERNMENT_OFFICE, HOTEL_MOTEL, PUBLIC_AMENITY, COLLEGE_UNIVERSITY, RESIDENTIAL_ACCOMMODATION, PLACE_OF_WORSHIP, SPORTS_CENTER, COMMERCIAL_BUILDING, EXHIBITION_CONVENTION_CENTER, HOSPITAL_POLYCLINIC, GEOGRAPHIC_FEATURE, RESTAURANT, CAFE_PUB, SHOP, MUSEUM, POLICE_STATION",29,29
"Fort, Mumbai, Maharashtra",18.9459596,72.8337847,100,100,0,0,0,0,0,0,0,1,0,0,0,1,0,0,0,0,0,0,0,0,2,0,21,0,0,0,0,0,0,0,0,0,1,0,0,0,0,0,3,0,5,1,0,0,0,10,0,1,3,0,0,0,0,3,0,0,0,0,0,0,0,0,1,0,0,0,0,0,2,3,0,0,0,0,0,0,0,0,0,0,0,4,15,0,0,0,1,22,0,0,0,0,0,0,0,0,0,0,0,0,0,0,0,0,0,0,0,"INDUSTRIAL_BUILDING, HEALTH_CARE_SERVICE, BANK, SCHOOL, COMPANY, IMPORTANT_TOURIST_ATTRACTION, EXCHANGE, MARKET, GOVERNMENT_OFFICE, HOTEL_MOTEL, RESIDENTIAL_ACCOMMODATION, PLACE_OF_WORSHIP, COMMERCIAL_BUILDING, GEOGRAPHIC_FEATURE, RESTAURANT, CAFE_PUB, SHOP, OPEN_PARKING_AREA, POLICE_STATION",19,19
"Borivali West, Mumbai, Maharashtra",19.2297,72.852173,100,100,0,0,0,0,0,0,0,7,0,0,1,1,0,0,0,0,0,0,0,0,1,0,5,0,0,3,0,2,0,0,0,0,1,0,0,0,0,0,0,0,0,2,0,0,3,1,0,0,1,0,0,0,0,0,0,0,0,0,0,0,0,0,0,0,0,0,0,1,1,0,0,0,1,0,0,0,0,0,0,0,0,21,2,0,0,0,3,43,0,0,0,0,0,0,0,0,0,0,0,0,0,0,0,0,0,0,0,"INDUSTRIAL_BUILDING, HEALTH_CARE_SERVICE, BUSINESS_PARK, BANK, SCHOOL, COMPANY, DOCTOR, PHARMACY, EXCHANGE, HOTEL_MOTEL, RESIDENTIAL_ACCOMMODATION, PLACE_OF_WORSHIP, COMMERCIAL_BUILDING, HOSPITAL_POLYCLINIC, CAFE_PUB, RESTAURANT, DENTIST, PRIMARY_RESOURCE_UTILITY, SHOP",19,19
"Kandivali East, Mumbai, Maharashtra",19.1913449,72.8740971,100,100,0,0,0,0,0,0,0,0,0,0,0,1,0,0,0,0,0,0,0,0,0,0,1,0,0,0,0,6,0,0,0,0,0,0,0,0,0,0,1,0,0,1,0,0,1,0,0,0,0,0,0,0,0,0,0,0,0,0,0,0,0,0,0,0,0,0,0,5,1,1,0,0,0,0,0,0,0,0,0,0,0,6,4,0,0,0,3,67,0,2,0,0,0,0,0,0,0,0,0,0,0,0,0,0,0,0,0,"HEALTH_CARE_SERVICE, RESTAURANT, CAFE_PUB, GEOGRAPHIC_FEATURE, RESIDENTIAL_ACCOMMODATION, PLACE_OF_WORSHIP, SPORTS_CENTER, SCHOOL, SHOP, DOCTOR, COMPANY, HOSPITAL_POLYCLINIC, PHARMACY, POLICE_STATION",14,14
"Chembur, Mumbai, Maharashtra",19.0487802,72.90587,100,100,0,0,0,0,0,0,3,0,0,0,0,0,0,0,0,0,0,0,0,0,2,0,7,0,0,1,1,7,0,0,0,0,0,0,0,0,0,0,0,0,0,2,0,0,3,0,0,0,0,1,0,0,0,0,0,0,0,0,0,0,0,0,0,0,0,0,0,3,2,0,0,0,0,0,1,0,0,1,0,3,0,18,17,0,0,0,2,26,0,0,0,0,0,0,0,0,0,0,0,0,0,0,0,0,0,0,0,"REPAIR_FACILITY, RESTAURANT, HEALTH_CARE_SERVICE, RESIDENTIAL_ACCOMMODATION, PLACE_OF_WORSHIP, SCHOOL, AUTOMOTIVE_DEALER, DENTIST, DEPARTMENT_STORE, COMMERCIAL_BUILDING, SHOP, COMPANY, PUBLIC_AMENITY, DOCTOR, HOSPITAL_POLYCLINIC, PHARMACY, LEISURE_CENTER, RENT_A_CAR_FACILITY",18,18
"Dadar, Mumbai, Maharashtra",19.0177484,72.8358202,100,100,0,0,0,0,0,0,0,4,0,0,0,1,0,0,0,0,0,0,0,0,0,0,4,0,0,2,0,10,0,0,0,0,0,0,0,0,0,0,2,0,0,0,0,0,2,0,0,0,0,0,0,0,0,0,0,0,0,0,0,0,0,0,0,0,0,2,0,0,2,0,0,0,0,0,0,0,0,0,0,1,0,31,12,0,0,0,2,24,0,1,0,0,0,0,0,0,0,0,0,0,0,0,0,0,0,0,0,"GEOGRAPHIC_FEATURE, RESTAURANT, REPAIR_FACILITY, BANK, RESIDENTIAL_ACCOMMODATION, CAFE_PUB, PARK_RECREATION_AREA, PLACE_OF_WORSHIP, SCHOOL, SPORTS_CENTER, DENTIST, SHOP, COMPANY, DOCTOR, HOSPITAL_POLYCLINIC",15,15
"Nerul, Navi Mumbai, Maharashtra",19.020485,73.0035976,100,100,0,0,0,0,0,0,1,0,1,0,0,1,0,0,0,0,0,0,0,3,0,0,0,0,0,0,0,6,0,0,0,0,0,0,0,0,0,0,3,0,0,0,0,0,0,1,0,1,0,0,0,0,0,0,0,0,0,0,0,0,0,0,0,0,0,1,0,1,3,0,0,0,0,0,2,0,0,0,0,0,0,21,1,0,0,0,3,49,0,2,0,0,0,0,0,0,0,0,0,0,0,0,0,0,0,0,0,"GEOGRAPHIC_FEATURE, RESTAURANT, PHARMACY, CAFE_PUB, RESIDENTIAL_ACCOMMODATION, PARK_RECREATION_AREA, PLACE_OF_WORSHIP, SPORTS_CENTER, SCHOOL, AUTOMOTIVE_DEALER, SHOP, HOTEL_MOTEL, DOCTOR, PUBLIC_AMENITY, IMPORTANT_TOURIST_ATTRACTION, BEACH, COLLEGE_UNIVERSITY",17,17
"Kharghar, Navi Mumbai, Maharashtra",19.0334,73.018997,100,100,0,0,0,0,0,0,1,5,0,0,0,2,0,0,0,0,0,0,0,0,0,0,8,0,0,1,0,1,0,0,0,0,0,0,0,0,0,0,1,0,0,0,0,0,2,1,0,0,0,0,0,0,0,0,0,0,0,0,0,0,0,0,0,0,0,1,0,2,1,0,0,0,0,0,0,0,1,0,0,0,0,2,10,0,0,0,14,47,0,0,0,0,0,0,0,0,0,0,0,0,0,0,0,0,0,0,0,"GEOGRAPHIC_FEATURE, CAFE_PUB, RESTAURANT, BANK, RESIDENTIAL_ACCOMMODATION, PARK_RECREATION_AREA, PLACE_OF_WORSHIP, SCHOOL, AUTOMOTIVE_DEALER, DENTIST, SHOP, HOTEL_MOTEL, COMPANY, DOCTOR, HOSPITAL_POLYCLINIC, PHARMACY, RAILWAY_STATION",17,17
"Ulhasnagar, Thane, Maharashtra",19.2228117,73.1584637,100,100,0,0,0,0,0,0,0,0,0,0,0,0,0,0,0,0,0,0,0,0,2,0,6,0,0,0,0,2,0,0,0,0,0,0,0,0,0,0,1,0,1,0,0,0,0,0,0,0,1,0,0,0,0,0,0,0,0,0,0,0,0,0,0,0,0,0,0,1,15,0,0,0,0,0,1,0,0,0,0,0,0,33,1,0,0,0,5,31,0,0,0,0,0,0,0,0,0,0,0,0,0,0,0,0,0,0,0,"INDUSTRIAL_BUILDING, GEOGRAPHIC_FEATURE, RESTAURANT, RESIDENTIAL_ACCOMMODATION, PLACE_OF_WORSHIP, SCHOOL, PUBLIC_AMENITY, COMMERCIAL_BUILDING, SHOP, GOVERNMENT_OFFICE, COMPANY, DOCTOR, PHARMACY",13,13
"Dombivli East, Thane, Maharashtra",19.2157323,73.1031728,100,100,0,0,0,0,0,0,5,1,0,0,0,2,0,0,0,0,0,0,0,0,0,0,2,0,0,1,0,1,0,0,0,0,0,0,0,0,0,0,2,0,0,1,0,0,2,1,0,0,3,0,0,0,0,0,0,0,0,0,0,0,0,0,0,0,0,1,0,5,0,1,0,0,0,0,0,0,0,0,0,22,0,0,25,0,0,0,0,16,0,5,2,0,0,1,0,0,0,0,0,0,0,1,0,0,0,0,0,"INDUSTRIAL_BUILDING, HEALTH_CARE_SERVICE, BANK, STADIUM, DOCTOR, COMPANY, PHARMACY, PARK_RECREATION_AREA, THEATER, VETERINARIAN, HOTEL_MOTEL, SPORTS_CENTER, HOSPITAL_POLYCLINIC, REPAIR_FACILITY, CAFE_PUB, RESTAURANT, GEOGRAPHIC_FEATURE, AUTOMOTIVE_DEALER, DENTIST, SHOP, POLICE_STATION",21,21
"Thoraipakkam, Chennai, Tamil Nadu",12.9192758,80.208965,100,100,0,0,0,0,0,1,0,1,0,0,0,0,0,0,0,0,0,0,0,0,0,0,5,0,0,1,0,2,0,0,0,0,0,0,0,0,0,0,0,0,1,0,0,0,0,1,0,0,0,0,0,0,0,0,0,0,0,0,0,0,0,0,0,0,0,0,0,3,6,0,0,0,0,0,1,0,0,0,0,7,0,8,12,0,0,0,4,45,0,2,0,0,0,0,0,0,0,0,0,0,0,0,0,0,0,0,0,"REPAIR_FACILITY, RESTAURANT, BANK, RESIDENTIAL_ACCOMMODATION, PLACE_OF_WORSHIP, SPORTS_CENTER, AMUSEMENT_PARK, SCHOOL, DENTIST, PUBLIC_AMENITY, SHOP, GOVERNMENT_OFFICE, HOTEL_MOTEL, COMPANY, DOCTOR, PHARMACY",16,16
"Sholinganallur, Chennai, Tamil Nadu",12.9001173,80.2239691,100,100,0,0,0,0,0,0,2,2,0,0,0,5,0,0,0,0,0,0,0,1,0,0,7,0,0,1,0,1,0,0,0,0,0,1,0,0,0,0,0,0,1,0,0,0,1,7,0,0,1,0,0,0,0,1,0,0,0,0,0,0,0,0,0,0,0,0,0,1,4,0,0,0,0,0,0,0,0,0,0,1,0,3,18,0,0,0,0,42,0,0,0,0,0,0,0,0,0,0,0,0,0,0,0,0,0,0,0,"INDUSTRIAL_BUILDING, BANK, DOCTOR, COMPANY, PHARMACY, MARKET, GOVERNMENT_OFFICE, HOTEL_MOTEL, COLLEGE_UNIVERSITY, RESIDENTIAL_ACCOMMODATION, PLACE_OF_WORSHIP, EXHIBITION_CONVENTION_CENTER, HOSPITAL_POLYCLINIC, REPAIR_FACILITY, RESTAURANT, CAFE_PUB, AUTOMOTIVE_DEALER, DENTIST, SHOP",19,19
"Baner, Pune, Maharashtra",18.5642156,73.7871973,100,100,0,0,0,0,0,0,1,1,0,0,0,4,0,0,0,0,0,0,0,0,0,0,3,0,0,0,0,0,0,0,0,0,0,0,0,0,0,0,4,0,0,1,0,0,1,3,0,0,0,0,0,0,0,0,0,0,0,0,0,0,0,0,0,0,0,1,0,1,1,0,0,0,0,0,0,0,0,0,0,3,0,24,31,0,0,0,4,15,0,1,0,1,0,0,0,0,0,0,0,0,0,0,0,0,0,0,0,"GEOGRAPHIC_FEATURE, RESTAURANT, CAFE_PUB, REPAIR_FACILITY, RESIDENTIAL_ACCOMMODATION, HEALTH_CARE_SERVICE, PARK_RECREATION_AREA, PLACE_OF_WORSHIP, SCHOOL, SPORTS_CENTER, AUTOMOTIVE_DEALER, BANK, SHOP, HOTEL_MOTEL, COMPANY, SWIMMING_POOL, HOSPITAL_POLYCLINIC, PHARMACY",18,18
"Aundh, Pune, Maharashtra",18.558127,73.8072801,100,100,0,0,0,0,0,0,0,1,0,0,0,2,0,0,0,0,0,0,0,0,0,0,3,0,0,4,0,4,0,0,0,0,0,0,0,0,0,0,0,0,0,0,0,0,0,1,0,0,1,1,1,0,0,0,0,0,0,0,0,0,0,0,0,0,0,0,0,2,2,0,0,0,0,0,0,0,0,0,0,0,0,56,3,0,0,0,2,16,0,1,0,0,0,0,0,0,0,0,0,0,0,0,0,0,0,0,0,"INDUSTRIAL_BUILDING, CAFE_PUB, RESTAURANT, BANK, RESIDENTIAL_ACCOMMODATION, PLACE_OF_WORSHIP, SCHOOL, SPORTS_CENTER, DENTIST, SHOP, HOTEL_MOTEL, COMPANY, DOCTOR, LIBRARY, PHARMACY, LEISURE_CENTER",16,16
"Hadapsar, Pune, Maharashtra",18.499079,73.9341695,100,100,0,0,0,0,0,0,0,1,0,0,0,1,0,0,0,0,0,0,0,0,0,0,4,0,0,0,0,2,0,0,0,0,0,1,0,0,0,0,0,0,1,0,0,0,1,0,0,0,0,0,0,0,0,1,0,0,0,0,0,0,0,0,0,0,0,0,0,2,4,0,0,0,1,0,1,0,0,0,0,3,0,11,5,0,0,0,3,58,0,0,0,0,0,0,0,0,0,0,0,0,0,0,0,0,0,0,0,"REPAIR_FACILITY, RESTAURANT, CAFE_PUB, BANK, RESIDENTIAL_ACCOMMODATION, PLACE_OF_WORSHIP, SCHOOL, PRIMARY_RESOURCE_UTILITY, PUBLIC_AMENITY, SHOP, MARKET, GOVERNMENT_OFFICE, DOCTOR, COMPANY, EXHIBITION_CONVENTION_CENTER, HOSPITAL_POLYCLINIC, PHARMACY",17,17
"Bibwewadi, Pune, Maharashtra",18.4662107,73.8627802,100,100,0,0,0,0,0,0,0,1,0,0,0,1,0,0,0,0,0,0,0,0,0,0,3,0,0,0,0,1,0,0,0,0,0,0,0,0,0,0,0,0,0,0,0,0,0,0,0,0,0,0,0,0,0,0,0,0,0,0,0,0,0,0,0,0,0,0,0,0,2,0,0,0,0,0,0,0,0,0,0,1,0,60,1,0,0,0,6,24,0,0,0,0,0,0,0,0,0,0,0,0,0,0,0,0,0,0,0,"REPAIR_FACILITY, RESTAURANT, CAFE_PUB, BANK, RESIDENTIAL_ACCOMMODATION, PLACE_OF_WORSHIP, SCHOOL, SHOP, COMPANY, DOCTOR",10,10
"Swargate, Pune, Maharashtra",18.4990216,73.8590652,100,100,0,0,0,0,0,0,0,2,0,0,0,3,0,0,0,0,0,0,0,0,2,0,15,0,0,0,0,1,0,0,0,0,0,1,0,0,0,0,2,0,4,0,0,0,1,2,0,0,0,0,0,0,0,0,0,0,0,0,0,0,0,0,1,0,0,0,0,2,1,1,0,0,0,0,4,0,0,0,0,10,0,2,27,0,0,0,3,16,0,0,0,0,0,0,0,0,0,0,0,0,0,0,0,0,0,0,0,"BANK, SCHOOL, COMPANY, DOCTOR, PHARMACY, GOVERNMENT_OFFICE, HOTEL_MOTEL, PUBLIC_AMENITY, RESIDENTIAL_ACCOMMODATION, PLACE_OF_WORSHIP, COMMERCIAL_BUILDING, EXHIBITION_CONVENTION_CENTER, HOSPITAL_POLYCLINIC, REPAIR_FACILITY, RESTAURANT, CAFE_PUB, GEOGRAPHIC_FEATURE, SHOP, OPEN_PARKING_AREA, POLICE_STATION",20,20
"Meerut City, Uttar Pradesh",28.9498578,77.6419455,89,89,0,0,0,0,0,0,1,1,0,0,0,9,0,0,0,0,0,0,0,7,3,0,0,0,0,0,0,1,0,0,0,0,0,2,0,0,0,0,3,0,3,0,0,0,0,18,0,0,0,0,0,0,0,0,0,0,0,0,0,0,0,0,0,0,0,2,1,3,5,1,0,0,0,0,0,0,0,0,0,1,0,1,11,0,0,0,14,0,0,2,0,0,0,0,0,0,0,0,0,0,0,0,0,0,0,0,0,"BANK, SCHOOL, DOCTOR, PHARMACY, PARK_RECREATION_AREA, GOVERNMENT_OFFICE, HOTEL_MOTEL, COLLEGE_UNIVERSITY, RESIDENTIAL_ACCOMMODATION, PLACE_OF_WORSHIP, SPORTS_CENTER, COMMERCIAL_BUILDING, EXHIBITION_CONVENTION_CENTER, GEOGRAPHIC_FEATURE, RESTAURANT, CAFE_PUB, REPAIR_FACILITY, AUTOMOTIVE_DEALER, PETROL_STATION, POLICE_STATION",20,20
"Aligarh City, Uttar Pradesh",27.8898926,78.0745239,100,100,0,0,0,0,0,0,0,0,0,0,0,1,0,0,0,0,0,0,0,0,0,0,15,0,0,0,0,0,0,0,0,0,0,0,0,0,0,0,0,0,5,0,0,0,2,9,0,0,0,0,0,0,0,0,1,0,0,0,0,0,0,0,2,0,0,2,1,2,4,1,0,1,1,0,2,0,1,0,0,13,0,0,10,0,0,0,2,24,0,1,0,0,0,0,0,0,0,0,0,0,0,0,0,0,0,0,0,"POST_OFFICE, SCHOOL, COMPANY, PHARMACY, PARK_RECREATION_AREA, MEDIA_FACILITY, GOVERNMENT_OFFICE, HOTEL_MOTEL, PUBLIC_AMENITY, RAILWAY_STATION, PLACE_OF_WORSHIP, SPORTS_CENTER, HOSPITAL_POLYCLINIC, REPAIR_FACILITY, CAFE_PUB, RESTAURANT, PRIMARY_RESOURCE_UTILITY, SHOP, OPEN_PARKING_AREA, PETROL_STATION, POLICE_STATION",21,21
"Jhansi City, Uttar Pradesh",25.4487305,78.5701294,100,100,0,0,0,0,0,0,3,2,0,0,0,1,0,0,0,0,0,0,0,2,2,0,3,0,0,0,0,1,0,0,0,0,0,0,0,0,0,0,1,0,0,0,0,0,1,9,0,1,0,0,0,0,0,1,0,0,0,0,0,0,0,0,1,0,0,0,0,3,2,2,0,0,0,0,1,0,0,0,0,4,0,0,12,0,0,0,4,42,0,1,1,0,0,0,0,0,0,0,0,0,0,0,0,0,0,0,0,"BANK, STADIUM, SCHOOL, DOCTOR, COMPANY, IMPORTANT_TOURIST_ATTRACTION, PHARMACY, MARKET, HOTEL_MOTEL, PUBLIC_AMENITY, COLLEGE_UNIVERSITY, PLACE_OF_WORSHIP, SPORTS_CENTER, COMMERCIAL_BUILDING, HOSPITAL_POLYCLINIC, GEOGRAPHIC_FEATURE, RESTAURANT, CAFE_PUB, REPAIR_FACILITY, AUTOMOTIVE_DEALER, SHOP, OPEN_PARKING_AREA, POLICE_STATION",23,23
"Moradabad City, Uttar Pradesh",28.8331428,78.7652781,100,100,0,0,0,0,0,0,0,2,0,0,0,1,0,0,0,0,0,0,0,1,0,0,0,0,0,0,0,2,0,0,0,0,0,0,0,0,0,0,0,0,1,0,0,0,0,18,0,0,0,0,0,0,0,0,0,0,0,0,0,0,1,0,1,0,0,0,1,1,5,0,0,0,0,0,3,0,1,0,0,2,0,1,26,0,0,0,4,29,0,0,0,0,0,0,0,0,0,0,0,0,0,0,0,0,0,0,0,"NIGHTLIFE, PETROL_STATION, REPAIR_FACILITY, RESTAURANT, CAFE_PUB, BANK, RESIDENTIAL_ACCOMMODATION, PLACE_OF_WORSHIP, SCHOOL, SHOP, OPEN_PARKING_AREA, HOTEL_MOTEL, DOCTOR, PUBLIC_AMENITY, GOVERNMENT_OFFICE, PHARMACY, RAILWAY_STATION, COLLEGE_UNIVERSITY",18,18
"Mathura City, Uttar Pradesh",27.4849744,77.685131,100,100,0,0,0,0,0,0,2,1,0,0,0,2,0,0,0,0,0,0,0,1,1,0,2,0,0,2,0,7,0,0,0,0,0,0,0,0,0,0,1,0,6,0,0,0,1,11,0,1,0,0,0,0,0,0,0,0,0,0,0,0,0,0,0,0,1,1,0,1,16,0,0,0,0,0,2,0,1,0,0,3,0,0,4,0,0,0,17,12,0,4,0,0,0,0,0,0,0,0,0,0,0,0,0,0,0,0,0,"BANK, PARKING_GARAGE, SCHOOL, COMPANY, DOCTOR, IMPORTANT_TOURIST_ATTRACTION, PHARMACY, PARK_RECREATION_AREA, GOVERNMENT_OFFICE, HOTEL_MOTEL, PUBLIC_AMENITY, RAILWAY_STATION, COLLEGE_UNIVERSITY, PLACE_OF_WORSHIP, SPORTS_CENTER, COMMERCIAL_BUILDING, HOSPITAL_POLYCLINIC, REPAIR_FACILITY, RESTAURANT, GEOGRAPHIC_FEATURE, CAFE_PUB, AUTOMOTIVE_DEALER, DENTIST, SHOP",24,24
"Udaipur City, Rajasthan",24.5873872,73.6915427,100,100,0,0,0,0,0,0,1,1,0,0,0,0,0,0,0,0,0,0,0,0,0,0,3,0,0,1,0,4,0,0,0,0,0,0,0,0,0,0,0,0,1,0,0,0,2,2,0,0,0,0,0,0,0,0,0,0,0,0,0,0,0,0,1,0,1,0,0,6,4,1,0,0,0,0,0,0,0,0,0,7,0,0,0,0,0,0,0,65,0,0,0,0,0,0,0,0,0,0,0,0,0,0,0,0,0,0,0,"REPAIR_FACILITY, BANK, PARKING_GARAGE, PLACE_OF_WORSHIP, AUTOMOTIVE_DEALER, DENTIST, SHOP, OPEN_PARKING_AREA, HOTEL_MOTEL, DOCTOR, COMPANY, GOVERNMENT_OFFICE, HOSPITAL_POLYCLINIC, PHARMACY, POLICE_STATION",15,15
"Kota City, Rajasthan",25.2109082,75.8213499,100,100,0,0,0,0,0,2,0,1,0,0,0,1,0,0,0,0,0,0,0,0,0,0,3,0,0,0,0,1,0,0,0,0,0,0,0,0,0,0,0,0,0,0,0,0,0,6,0,2,0,0,0,0,0,0,0,0,0,0,0,0,0,0,0,0,0,2,2,3,7,0,0,0,0,0,2,0,0,0,0,5,0,0,6,0,0,0,6,49,0,2,0,0,0,0,0,0,0,0,0,0,0,0,0,0,0,0,0,"PETROL_STATION, REPAIR_FACILITY, RESTAURANT, CAFE_PUB, BANK, PARK_RECREATION_AREA, PLACE_OF_WORSHIP, SCHOOL, SPORTS_CENTER, AMUSEMENT_PARK, SHOP, HOTEL_MOTEL, COMPANY, PUBLIC_AMENITY, IMPORTANT_TOURIST_ATTRACTION, DOCTOR, PHARMACY",17,17
"Jodhpur City, Rajasthan",26.381001,73.5467,100,100,0,0,0,0,0,0,0,1,0,0,0,1,0,0,0,0,0,0,0,4,0,4,4,3,0,0,0,0,0,0,0,0,0,0,0,0,0,0,2,0,22,0,0,0,1,4,0,0,0,0,1,0,0,2,0,0,0,0,0,0,0,0,0,0,0,2,0,3,6,1,0,0,0,0,1,0,0,0,0,6,0,1,2,0,0,0,14,14,0,1,0,0,0,0,0,0,0,0,0,0,0,0,0,0,0,0,0,"BANK, SCHOOL, COMPANY, LIBRARY, PHARMACY, PARK_RECREATION_AREA, MARKET, GOVERNMENT_OFFICE, HOTEL_MOTEL, PUBLIC_AMENITY, COLLEGE_UNIVERSITY, RESIDENTIAL_ACCOMMODATION, PLACE_OF_WORSHIP, SPORTS_CENTER, HOSPITAL_POLYCLINIC, COMMUNITY_CENTER, GEOGRAPHIC_FEATURE, REPAIR_FACILITY, RESTAURANT, CAFE_PUB, SHOP, COURTHOUSE, POLICE_STATION",23,23
"Ajmer City, Rajasthan",26.5855952,74.8609106,100,100,0,0,0,0,0,0,0,2,0,0,0,1,0,0,0,0,0,0,0,1,3,3,3,0,0,3,0,3,0,0,0,0,0,0,0,0,0,0,4,0,4,1,0,0,5,3,0,1,0,0,0,0,0,0,0,0,0,0,0,0,0,0,0,0,0,2,0,4,5,0,0,2,0,0,0,0,0,0,0,13,0,1,2,0,0,0,22,10,1,1,0,0,0,0,0,0,0,0,0,0,0,0,0,0,0,0,0,"POST_OFFICE, HEALTH_CARE_SERVICE, BANK, SHOPPING_CENTER, SCHOOL, DOCTOR, COMPANY, IMPORTANT_TOURIST_ATTRACTION, PHARMACY, PARK_RECREATION_AREA, GOVERNMENT_OFFICE, HOTEL_MOTEL, COLLEGE_UNIVERSITY, RESIDENTIAL_ACCOMMODATION, PLACE_OF_WORSHIP, SPORTS_CENTER, COMMERCIAL_BUILDING, HOSPITAL_POLYCLINIC, COMMUNITY_CENTER, REPAIR_FACILITY, RESTAURANT, GEOGRAPHIC_FEATURE, CAFE_PUB, DENTIST, SHOP",25,25
"Bikaner City, Rajasthan",28.0134638,73.2972264,100,100,0,0,0,0,0,0,0,0,0,0,0,1,0,0,0,0,0,0,0,1,0,0,0,0,0,0,0,3,0,0,0,0,0,0,0,0,0,0,4,0,1,0,0,0,0,0,0,0,0,0,0,0,0,0,0,0,0,0,0,0,0,0,0,0,0,1,0,2,27,0,0,1,0,0,1,0,0,0,0,0,0,0,2,0,0,0,13,41,0,2,0,0,0,0,0,0,0,0,0,0,0,0,0,0,0,0,0,"POST_OFFICE, GEOGRAPHIC_FEATURE, RESTAURANT, CAFE_PUB, PARK_RECREATION_AREA, PLACE_OF_WORSHIP, SCHOOL, SPORTS_CENTER, SHOP, GOVERNMENT_OFFICE, DOCTOR, PUBLIC_AMENITY, PHARMACY, COLLEGE_UNIVERSITY",14,14
"Bhopal City, Madhya Pradesh",23.177649,77.454497,100,100,0,0,0,0,0,0,1,3,0,0,0,4,0,0,0,0,0,0,0,0,3,0,8,0,0,8,0,5,0,0,0,0,0,0,0,0,0,0,0,0,1,0,0,0,0,3,0,0,0,0,0,0,0,2,0,0,0,0,0,0,0,0,0,0,0,1,1,6,2,0,0,0,2,0,0,0,0,0,0,0,0,11,11,0,0,0,1,26,0,1,0,0,0,0,0,0,0,0,0,0,0,0,0,0,0,0,0,"BANK, SCHOOL, COMPANY, DOCTOR, PHARMACY, PARK_RECREATION_AREA, MARKET, GOVERNMENT_OFFICE, HOTEL_MOTEL, RESIDENTIAL_ACCOMMODATION, PLACE_OF_WORSHIP, SPORTS_CENTER, COMMERCIAL_BUILDING, RESTAURANT, CAFE_PUB, AUTOMOTIVE_DEALER, PRIMARY_RESOURCE_UTILITY, DENTIST, SHOP, PETROL_STATION",20,20
"Rajkot City, Gujarat",22.3003793,70.8086015,100,100,0,0,0,0,0,0,0,1,0,0,0,0,0,0,0,0,0,0,0,0,1,0,8,0,0,0,0,0,0,0,0,0,0,0,0,0,0,0,0,0,0,0,0,0,0,0,0,0,0,0,0,0,0,0,0,0,0,0,0,0,0,0,0,0,0,0,0,0,1,0,0,0,0,0,0,0,0,0,0,0,0,1,0,0,0,0,0,88,0,0,0,0,0,0,0,0,0,0,0,0,0,0,0,0,0,0,0,"BANK, RESIDENTIAL_ACCOMMODATION, PLACE_OF_WORSHIP, SHOP, COMMERCIAL_BUILDING, COMPANY",6,6
"Bhavnagar City, Gujarat",21.7727986,72.1548699,100,100,0,0,0,0,0,0,0,3,0,0,0,0,0,0,0,0,0,0,0,0,1,0,4,0,0,1,0,4,0,0,0,0,0,1,0,0,0,0,3,0,1,1,0,0,2,0,0,3,0,0,1,0,0,0,0,0,0,0,1,0,0,0,0,0,0,0,0,1,4,0,0,0,0,0,0,0,0,0,0,2,0,15,3,0,0,0,5,43,1,0,0,0,0,0,0,0,0,0,0,0,0,0,0,0,0,0,0,"HEALTH_CARE_SERVICE, BANK, SHOPPING_CENTER, SCHOOL, DOCTOR, COMPANY, LIBRARY, IMPORTANT_TOURIST_ATTRACTION, PHARMACY, GOVERNMENT_OFFICE, RESIDENTIAL_ACCOMMODATION, PLACE_OF_WORSHIP, COMMERCIAL_BUILDING, EXHIBITION_CONVENTION_CENTER, HOSPITAL_POLYCLINIC, GEOGRAPHIC_FEATURE, RESTAURANT, REPAIR_FACILITY, DENTIST, SHOP, MUSEUM",21,21
"Jamnagar City, Gujarat",22.432788,70.0559897,24,24,0,0,0,0,0,0,0,0,0,0,0,1,0,0,0,0,0,0,0,0,0,0,0,0,0,0,0,0,0,0,0,0,0,0,0,0,0,0,0,0,0,0,0,0,0,1,0,0,0,0,0,0,0,0,0,0,0,0,0,0,0,0,0,0,0,0,0,2,1,0,0,0,0,0,0,0,0,0,0,0,0,5,1,0,0,0,2,11,0,0,0,0,0,0,0,0,0,0,0,0,0,0,0,0,0,0,0,"CAFE_PUB, RESTAURANT, RESIDENTIAL_ACCOMMODATION, PLACE_OF_WORSHIP, SCHOOL, SHOP, HOTEL_MOTEL, PHARMACY",8,8
"Gandhinagar City, Gujarat",23.0704348,72.5243009,100,100,0,0,0,0,0,0,13,3,0,0,0,0,0,0,0,0,0,0,0,0,6,0,6,0,0,1,0,3,1,0,0,0,0,0,0,0,0,0,1,0,2,1,0,0,3,7,0,0,1,1,0,0,0,0,0,0,0,0,0,0,0,0,0,0,0,0,0,1,7,1,0,0,0,0,0,0,0,0,0,13,0,6,8,0,0,0,1,12,0,2,0,0,0,0,0,0,0,0,0,0,0,0,0,0,0,0,0,"INDUSTRIAL_BUILDING, HEALTH_CARE_SERVICE, BANK, SCHOOL, COMPANY, DOCTOR, PHARMACY, GOVERNMENT_OFFICE, HOTEL_MOTEL, LEISURE_CENTER, RESIDENTIAL_ACCOMMODATION, PLACE_OF_WORSHIP, SPORTS_CENTER, COMMERCIAL_BUILDING, HOSPITAL_POLYCLINIC, REPAIR_FACILITY, GEOGRAPHIC_FEATURE, RESTAURANT, ELECTRIC_VEHICLE_STATION, AUTOMOTIVE_DEALER, DENTIST, SHOP, POLICE_STATION",23,23
"Asansol City, West Bengal",23.6930343,86.9531088,100,100,0,0,0,0,0,0,0,6,0,0,0,0,0,0,0,0,0,0,0,1,1,0,5,0,0,1,0,6,0,0,0,0,1,1,0,0,0,0,1,0,2,0,0,0,4,4,0,0,0,0,0,0,0,1,0,0,0,0,0,0,0,0,0,0,0,0,0,7,0,0,0,0,0,0,1,0,0,0,0,1,0,8,5,0,0,0,2,42,0,0,0,0,0,0,0,0,0,0,0,0,0,0,0,0,0,0,0,"BANK, SCHOOL, COMPANY, DOCTOR, PHARMACY, EXCHANGE, MARKET, GOVERNMENT_OFFICE, HOTEL_MOTEL, PUBLIC_AMENITY, COLLEGE_UNIVERSITY, RESIDENTIAL_ACCOMMODATION, COMMERCIAL_BUILDING, EXHIBITION_CONVENTION_CENTER, HOSPITAL_POLYCLINIC, GEOGRAPHIC_FEATURE, RESTAURANT, REPAIR_FACILITY, DENTIST, SHOP",20,20
"Siliguri City, West Bengal",26.7096309,88.4286167,100,100,0,0,0,0,0,0,0,1,0,0,0,4,0,0,0,0,0,0,1,0,0,0,3,0,0,0,0,0,0,0,0,0,0,0,0,0,0,0,0,0,4,0,0,0,0,0,0,0,0,0,0,0,0,0,0,0,0,0,0,0,0,0,0,0,1,0,0,0,4,0,0,1,0,0,1,0,0,0,0,2,0,0,3,0,0,0,1,73,0,0,0,0,1,0,0,0,0,0,0,0,0,0,0,0,0,0,0,"TENNIS_COURT, POST_OFFICE, REPAIR_FACILITY, RESTAURANT, CAFE_PUB, BANK, PARKING_GARAGE, PLACE_OF_WORSHIP, SCHOOL, SHOP, GOVERNMENT_OFFICE, COMPANY, PUBLIC_AMENITY, CLUB_ASSOCIATION",14,14
"Durgapur City, West Bengal",23.5292384,87.351587,100,100,0,0,0,0,0,0,0,1,0,0,0,0,0,0,0,0,0,0,3,0,0,0,8,0,0,1,0,0,0,0,0,0,0,0,0,0,0,0,0,0,0,0,0,0,0,1,0,0,0,0,0,0,0,1,0,0,0,0,0,0,0,0,0,0,0,1,0,5,9,0,0,0,1,0,0,0,0,0,0,1,0,42,2,0,0,0,2,21,0,1,0,0,0,0,0,0,0,0,0,0,0,0,0,0,0,0,0,"REPAIR_FACILITY, RESTAURANT, BANK, RESIDENTIAL_ACCOMMODATION, PARK_RECREATION_AREA, PLACE_OF_WORSHIP, SPORTS_CENTER, SCHOOL, DENTIST, PRIMARY_RESOURCE_UTILITY, SHOP, MARKET, HOTEL_MOTEL, COMPANY, CLUB_ASSOCIATION, PHARMACY",16,16
"Alappuzha Town, Kerala",9.2595192,76.5437808,100,100,0,0,0,0,0,0,4,1,0,0,0,2,0,0,0,0,1,0,0,1,4,0,3,0,0,1,0,0,0,0,0,0,0,3,0,0,0,0,2,0,1,0,0,0,2,1,0,0,1,0,0,0,0,0,0,0,0,0,0,0,0,0,0,0,0,0,2,1,8,0,0,0,0,0,0,0,0,0,0,7,0,0,6,0,0,0,7,40,1,1,0,0,0,0,0,0,0,0,0,0,0,0,0,0,0,0,0,"INDUSTRIAL_BUILDING, BANK, SHOPPING_CENTER, SCHOOL, COMPANY, PHARMACY, GOVERNMENT_OFFICE, HOTEL_MOTEL, COLLEGE_UNIVERSITY, PLACE_OF_WORSHIP, SPORTS_CENTER, COMMERCIAL_BUILDING, CINEMA, EXHIBITION_CONVENTION_CENTER, HOSPITAL_POLYCLINIC, GEOGRAPHIC_FEATURE, REPAIR_FACILITY, RESTAURANT, CAFE_PUB, AUTOMOTIVE_DEALER, DENTIST, SHOP, PETROL_STATION",23,23
"Kollam City, Kerala",8.8869046,76.5904652,100,100,0,0,0,0,0,0,0,2,0,0,0,0,0,0,0,0,1,0,0,0,1,0,3,0,0,0,0,3,0,0,0,0,0,0,0,0,0,0,1,0,0,0,0,0,1,1,0,0,0,0,0,0,0,0,0,0,0,0,0,0,1,0,0,0,0,0,2,5,0,0,0,1,0,0,1,0,0,0,0,7,0,0,3,0,0,0,0,66,1,0,0,0,0,0,0,0,0,0,0,0,0,0,0,0,0,0,0,"NIGHTLIFE, POST_OFFICE, GEOGRAPHIC_FEATURE, RESTAURANT, REPAIR_FACILITY, BANK, SHOPPING_CENTER, PUBLIC_AMENITY, SHOP, COMMERCIAL_BUILDING, CINEMA, HOTEL_MOTEL, DOCTOR, PETROL_STATION, COMPANY, HOSPITAL_POLYCLINIC, PHARMACY",17,17
"Kannur City, Kerala",11.8719881,75.379077,100,100,0,0,0,0,0,0,3,1,0,0,0,0,0,0,0,0,0,0,0,0,2,0,6,0,0,1,0,0,0,0,0,0,0,0,0,0,0,0,0,0,2,0,0,0,3,0,0,0,0,0,0,0,0,1,0,0,0,0,0,0,0,0,0,0,1,0,0,1,1,0,0,0,0,0,0,0,0,0,0,3,0,0,17,0,0,0,1,55,2,0,0,0,0,0,0,0,0,0,0,0,0,0,0,0,0,0,0,"REPAIR_FACILITY, RESTAURANT, BANK, PARKING_GARAGE, SHOPPING_CENTER, PLACE_OF_WORSHIP, SCHOOL, AUTOMOTIVE_DEALER, DENTIST, SHOP, COMMERCIAL_BUILDING, MARKET, GOVERNMENT_OFFICE, COMPANY, HOSPITAL_POLYCLINIC, PHARMACY",16,16
"Palakkad City, Kerala",10.8001,76.639099,100,100,0,0,0,0,0,0,0,1,0,0,0,1,0,0,0,0,0,0,0,0,2,0,2,0,0,0,0,1,0,0,0,0,0,1,0,0,0,0,1,0,9,0,0,0,1,12,0,0,0,0,0,0,0,0,0,0,0,0,0,0,0,0,1,0,0,0,1,2,2,0,0,0,0,0,3,0,1,0,0,0,0,1,4,0,0,0,2,47,5,0,0,0,0,0,0,0,0,0,0,0,0,0,0,0,0,0,0,"BANK, SHOPPING_CENTER, SCHOOL, DOCTOR, COMPANY, PHARMACY, GOVERNMENT_OFFICE, HOTEL_MOTEL, PUBLIC_AMENITY, RAILWAY_STATION, RESIDENTIAL_ACCOMMODATION, PLACE_OF_WORSHIP, COMMERCIAL_BUILDING, EXHIBITION_CONVENTION_CENTER, HOSPITAL_POLYCLINIC, GEOGRAPHIC_FEATURE, CAFE_PUB, RESTAURANT, SHOP, OPEN_PARKING_AREA, PETROL_STATION",21,21
"Warangal City, Telangana",17.9745069,79.6113623,100,100,0,0,0,0,0,0,0,0,0,0,0,0,0,0,0,0,0,0,0,0,0,0,8,0,0,0,0,1,0,0,0,0,0,0,0,0,0,0,0,0,1,0,0,0,0,2,0,0,1,0,0,0,0,0,0,0,0,0,0,0,0,1,0,0,0,1,0,0,11,0,0,1,0,0,0,0,0,0,0,10,0,1,0,0,0,0,2,60,0,0,0,0,0,0,0,0,0,0,0,0,0,0,0,0,0,0,0,"INDUSTRIAL_BUILDING, POST_OFFICE, REPAIR_FACILITY, RESIDENTIAL_ACCOMMODATION, PARK_RECREATION_AREA, PLACE_OF_WORSHIP, SCHOOL, NON_GOVERNMENTAL_ORGANIZATION, SHOP, GOVERNMENT_OFFICE, HOTEL_MOTEL, COMPANY, DOCTOR",13,13
"Karimnagar City, Telangana",18.458233,79.136705,100,100,0,0,0,0,0,0,2,2,0,0,0,1,0,1,0,0,0,0,0,3,3,0,2,0,0,0,0,6,0,0,0,0,0,0,0,0,0,0,0,0,0,2,0,0,4,3,0,0,2,0,0,0,0,1,0,0,0,0,0,0,0,0,0,0,0,0,2,13,5,0,0,0,0,0,0,0,0,0,0,2,0,11,15,0,0,0,6,12,0,1,0,0,0,0,0,0,0,0,0,0,0,0,0,1,0,0,0,"INDUSTRIAL_BUILDING, HEALTH_CARE_SERVICE, BANK, SCHOOL, DOCTOR, COMPANY, PHARMACY, MARKET, HOTEL_MOTEL, COLLEGE_UNIVERSITY, CAR_WASH, RESIDENTIAL_ACCOMMODATION, PLACE_OF_WORSHIP, SPORTS_CENTER, COMMERCIAL_BUILDING, HOSPITAL_POLYCLINIC, REPAIR_FACILITY, RESTAURANT, CAFE_PUB, WEIGH_STATION, AUTOMOTIVE_DEALER, SHOP, PETROL_STATION",23,23
"Nellore City, Andhra Pradesh",14.413352,79.962271,100,100,0,0,0,0,0,0,6,1,0,0,0,2,0,0,0,0,0,0,0,0,0,0,10,0,0,1,0,2,0,0,0,0,0,0,0,0,0,0,1,0,3,0,0,0,0,0,0,0,1,0,0,0,0,0,0,0,0,0,0,0,0,0,0,0,0,0,0,1,7,0,0,0,0,0,0,0,0,0,0,3,0,7,9,0,0,0,3,43,0,0,0,0,0,0,0,0,0,0,0,0,0,0,0,0,0,0,0,"INDUSTRIAL_BUILDING, REPAIR_FACILITY, RESTAURANT, GEOGRAPHIC_FEATURE, BANK, RESIDENTIAL_ACCOMMODATION, CAFE_PUB, PLACE_OF_WORSHIP, SCHOOL, AUTOMOTIVE_DEALER, DENTIST, SHOP, GOVERNMENT_OFFICE, DOCTOR, COMPANY, PHARMACY",16,16
"Rajahmundry City, Andhra Pradesh",17.0376947,81.7778132,100,100,0,0,0,0,0,0,0,0,0,0,0,0,0,0,0,0,0,0,0,0,0,0,2,0,0,0,0,1,0,0,0,0,0,1,0,0,0,0,4,0,2,0,0,0,0,5,0,2,0,0,0,0,0,0,0,0,0,0,0,0,0,0,0,0,0,0,0,5,20,0,0,0,0,0,0,0,0,0,0,3,0,16,6,0,0,0,6,27,0,0,0,0,0,0,0,0,0,0,0,0,0,0,0,0,0,0,0,"IMPORTANT_TOURIST_ATTRACTION, GEOGRAPHIC_FEATURE, RESTAURANT, REPAIR_FACILITY, RESIDENTIAL_ACCOMMODATION, PLACE_OF_WORSHIP, SCHOOL, SHOP, GOVERNMENT_OFFICE, HOTEL_MOTEL, COMPANY, DOCTOR, EXHIBITION_CONVENTION_CENTER, PHARMACY",14,14
"Kakinada City, Andhra Pradesh",16.9673975,82.2333385,100,100,0,0,0,0,0,0,1,1,0,0,0,0,0,0,0,0,0,0,0,0,0,0,9,0,0,1,0,2,0,0,0,0,0,0,0,0,0,0,1,0,3,1,0,0,2,2,0,0,0,0,0,0,0,0,0,0,0,0,0,0,0,0,1,0,1,0,0,4,6,1,0,0,0,0,0,0,1,0,0,6,0,31,1,0,0,0,0,23,0,0,0,0,0,0,0,0,0,0,0,0,0,2,0,0,0,0,0,"HEALTH_CARE_SERVICE, BANK, PARKING_GARAGE, DOCTOR, COMPANY, PHARMACY, GOVERNMENT_OFFICE, VETERINARIAN, HOTEL_MOTEL, RAILWAY_STATION, RESIDENTIAL_ACCOMMODATION, PLACE_OF_WORSHIP, HOSPITAL_POLYCLINIC, GEOGRAPHIC_FEATURE, REPAIR_FACILITY, RESTAURANT, AUTOMOTIVE_DEALER, DENTIST, SHOP, OPEN_PARKING_AREA, POLICE_STATION",21,21
"Belgaum City, Karnataka",15.8771478,74.5171905,100,100,0,0,0,0,0,0,1,2,0,0,0,5,0,0,0,0,0,0,0,6,0,0,2,0,0,1,0,0,1,0,0,0,0,2,0,0,0,0,1,0,0,0,0,0,2,4,0,0,0,0,1,0,0,0,0,0,0,0,0,0,0,0,2,0,0,0,0,1,0,0,0,2,0,0,1,0,0,0,0,2,0,6,24,0,0,0,8,24,0,1,1,0,0,0,0,0,0,0,0,0,0,0,0,0,0,0,0,"POST_OFFICE, BANK, STADIUM, SCHOOL, COMPANY, LIBRARY, PHARMACY, HOTEL_MOTEL, PUBLIC_AMENITY, COLLEGE_UNIVERSITY, RESIDENTIAL_ACCOMMODATION, SPORTS_CENTER, EXHIBITION_CONVENTION_CENTER, HOSPITAL_POLYCLINIC, REPAIR_FACILITY, RESTAURANT, CAFE_PUB, GEOGRAPHIC_FEATURE, ELECTRIC_VEHICLE_STATION, AUTOMOTIVE_DEALER, DENTIST, SHOP, OPEN_PARKING_AREA",23,23
"Gulbarga City, Karnataka",17.33965,76.8371479,100,100,0,0,0,0,0,0,0,7,0,0,0,0,0,0,0,0,1,0,0,1,0,0,5,0,0,2,0,1,0,0,0,0,2,0,0,0,0,0,0,0,0,0,0,0,1,1,0,0,0,0,0,0,0,4,0,0,0,0,0,0,0,0,0,0,2,0,0,7,1,0,0,0,0,0,0,0,0,0,0,1,0,0,2,0,0,0,1,61,0,0,0,0,0,0,0,0,0,0,0,0,0,0,0,0,0,0,0,"REPAIR_FACILITY, RESTAURANT, BANK, PARKING_GARAGE, PLACE_OF_WORSHIP, SCHOOL, DENTIST, SHOP, MARKET, CINEMA, HOTEL_MOTEL, COMPANY, DOCTOR, HOSPITAL_POLYCLINIC, PHARMACY, COLLEGE_UNIVERSITY, EXCHANGE",17,17
"Davangere City, Karnataka",14.3682977,75.9527929,3,3,0,0,0,0,0,0,0,0,0,0,0,0,0,0,0,0,0,0,0,0,0,0,0,0,0,0,0,0,0,0,0,0,0,0,0,0,0,0,0,0,0,0,0,0,0,0,0,0,0,0,0,0,0,0,0,0,0,0,0,0,0,0,0,0,0,0,0,0,1,0,0,0,0,0,0,0,0,0,0,0,0,0,0,0,0,0,2,0,0,0,0,0,0,0,0,0,0,0,0,0,0,0,0,0,0,0,0,"PLACE_OF_WORSHIP, SCHOOL",2,2
"Bellary City, Karnataka",15.1388817,76.9768644,39,39,0,0,0,0,0,0,3,0,0,0,0,0,0,0,0,0,0,0,0,0,0,0,7,0,0,0,0,0,1,0,0,0,0,0,0,0,0,0,0,0,0,0,0,0,0,1,0,0,1,0,0,0,0,0,0,0,0,0,0,0,0,0,0,0,0,0,0,1,8,0,0,2,0,0,0,0,0,0,0,3,0,0,1,0,0,0,2,9,0,0,0,0,0,0,0,0,0,0,0,0,0,0,0,0,0,0,0,"INDUSTRIAL_BUILDING, POST_OFFICE, REPAIR_FACILITY, RESTAURANT, PLACE_OF_WORSHIP, SCHOOL, ELECTRIC_VEHICLE_STATION, AUTOMOTIVE_DEALER, SHOP, HOTEL_MOTEL, COMPANY, PHARMACY",12,12
"Ludhiana City, Punjab",30.8519434,75.8598782,100,100,0,0,0,0,0,0,1,3,0,0,0,0,0,0,0,0,0,0,0,0,1,0,3,0,0,0,0,0,0,0,0,0,1,0,0,0,0,0,2,0,5,0,0,0,0,1,0,0,3,0,0,0,0,0,0,0,0,0,0,0,0,0,1,0,0,1,1,0,3,0,0,0,0,0,0,0,0,0,0,6,0,0,3,0,0,0,3,61,0,0,0,0,0,0,1,0,0,0,0,0,0,0,0,0,0,0,0,"TOURIST_INFORMATION_OFFICE, INDUSTRIAL_BUILDING, GEOGRAPHIC_FEATURE, RESTAURANT, REPAIR_FACILITY, BANK, PARK_RECREATION_AREA, PLACE_OF_WORSHIP, SCHOOL, AUTOMOTIVE_DEALER, SHOP, COMMERCIAL_BUILDING, GOVERNMENT_OFFICE, OPEN_PARKING_AREA, COMPANY, PETROL_STATION, HOTEL_MOTEL, EXCHANGE",18,18
"Jalandhar City, Punjab",31.3478513,75.6032045,100,100,0,0,0,0,0,0,0,0,0,0,0,2,0,0,0,0,0,0,0,0,0,0,3,0,0,0,0,0,0,0,0,0,0,0,0,0,0,0,1,0,0,0,0,0,0,0,0,0,0,0,0,0,0,0,0,0,0,0,0,0,0,0,0,0,0,0,0,2,0,0,0,0,0,0,0,0,0,0,0,31,0,0,7,0,0,0,1,50,0,3,0,0,0,0,0,0,0,0,0,0,0,0,0,0,0,0,0,"REPAIR_FACILITY, RESTAURANT, GEOGRAPHIC_FEATURE, CAFE_PUB, SPORTS_CENTER, SCHOOL, SHOP, COMPANY, PHARMACY",9,9
"Bathinda City, Punjab",30.2129218,74.9331732,100,100,0,0,0,0,0,0,0,2,0,0,0,0,0,0,0,0,0,0,0,0,1,0,5,0,0,0,0,1,0,0,0,0,0,0,0,0,0,0,0,0,1,0,0,0,0,8,0,0,0,0,0,0,0,1,0,0,0,0,0,0,1,0,1,0,0,0,0,1,0,0,0,0,0,0,2,0,0,0,0,1,0,0,14,0,0,0,0,61,0,0,0,0,0,0,0,0,0,0,0,0,0,0,0,0,0,0,0,"NIGHTLIFE, REPAIR_FACILITY, RESTAURANT, BANK, SHOP, MARKET, GOVERNMENT_OFFICE, HOTEL_MOTEL, COMPANY, PUBLIC_AMENITY, DOCTOR, OPEN_PARKING_AREA, PHARMACY, COMMERCIAL_BUILDING",14,14
"Hisar City, Haryana",28.8994857,76.5532936,100,100,0,0,0,0,0,0,0,0,0,0,0,1,0,0,0,0,0,0,0,0,0,0,6,0,0,1,0,1,0,0,0,0,0,1,0,0,0,0,0,0,0,0,0,0,0,0,0,0,2,0,0,0,0,1,0,0,0,0,0,0,1,0,0,0,0,0,1,7,1,0,0,0,0,0,0,0,0,0,0,25,0,0,4,0,0,0,1,47,0,0,0,0,0,0,0,0,0,0,0,0,0,0,0,0,0,0,0,"NIGHTLIFE, INDUSTRIAL_BUILDING, PETROL_STATION, REPAIR_FACILITY, RESTAURANT, CAFE_PUB, PLACE_OF_WORSHIP, SCHOOL, DENTIST, SHOP, MARKET, COMPANY, DOCTOR, EXHIBITION_CONVENTION_CENTER, PHARMACY",15,15
"Karnal City, Haryana",29.6531038,77.0078492,2,2,0,0,0,0,0,0,0,0,0,0,0,0,0,0,0,0,0,0,0,0,0,0,0,0,0,0,0,0,0,0,0,0,0,0,0,0,0,0,0,0,0,0,0,0,0,0,0,0,1,0,0,0,0,0,0,0,0,0,0,0,0,0,0,0,0,0,0,0,1,0,0,0,0,0,0,0,0,0,0,0,0,0,0,0,0,0,0,0,0,0,0,0,0,0,0,0,0,0,0,0,0,0,0,0,0,0,0,"INDUSTRIAL_BUILDING, PLACE_OF_WORSHIP",2,2
"Panipat City, Haryana",29.4283503,76.9533079,7,7,0,0,0,0,0,0,1,1,0,0,0,0,0,0,0,0,0,0,0,0,0,0,0,0,0,0,0,0,0,0,0,0,0,0,0,0,0,0,0,0,0,0,0,0,1,0,0,0,0,0,0,0,0,0,0,0,0,0,0,0,0,0,0,0,0,0,0,1,1,0,0,0,0,0,0,0,0,0,0,0,0,0,0,0,0,0,2,0,0,0,0,0,0,0,0,0,0,0,0,0,0,0,0,0,0,0,0,"BANK, PLACE_OF_WORSHIP, SCHOOL, AUTOMOTIVE_DEALER, HOSPITAL_POLYCLINIC, PHARMACY",6,6
"Berhampur City, Odisha",20.4032641,86.2026906,11,11,0,0,0,0,0,0,0,0,0,0,0,2,0,0,0,0,0,0,0,0,0,0,0,0,0,0,0,0,0,0,0,0,0,0,0,0,0,0,0,0,2,0,0,0,0,0,0,0,0,0,0,0,0,0,0,0,0,0,0,0,0,0,0,0,0,0,0,0,1,0,0,1,0,0,0,0,0,0,0,0,0,0,0,0,0,0,5,0,0,0,0,0,0,0,0,0,0,0,0,0,0,0,0,0,0,0,0,"POST_OFFICE, CAFE_PUB, PLACE_OF_WORSHIP, SCHOOL, GOVERNMENT_OFFICE",5,5
"Koraput City, Odisha",18.8131994,82.7126008,100,100,0,0,0,0,0,0,1,3,0,0,0,2,0,0,0,0,0,0,0,0,0,0,2,0,0,0,0,1,0,0,0,0,0,0,0,0,0,0,1,0,4,0,0,0,0,1,0,0,0,0,0,0,0,2,0,0,0,0,0,0,1,0,0,0,0,1,0,5,1,2,0,0,0,0,0,0,0,0,0,0,0,0,3,0,0,0,4,66,0,0,0,0,0,0,0,0,0,0,0,0,0,0,0,0,0,0,0,"NIGHTLIFE, GEOGRAPHIC_FEATURE, RESTAURANT, CAFE_PUB, BANK, PARK_RECREATION_AREA, PLACE_OF_WORSHIP, SCHOOL, AUTOMOTIVE_DEALER, SHOP, MARKET, GOVERNMENT_OFFICE, HOTEL_MOTEL, COMPANY, DOCTOR, PHARMACY, POLICE_STATION",17,17
"Sambalpur City, Odisha",21.4594222,83.9743315,100,100,0,0,0,0,0,0,0,0,0,0,0,0,0,0,0,0,0,0,0,1,0,0,2,0,0,0,0,4,0,0,0,0,0,0,0,0,0,0,0,0,7,0,0,0,0,6,0,1,0,0,0,0,0,0,0,0,0,0,0,0,1,0,1,0,0,0,1,8,3,1,0,1,0,0,1,0,0,0,0,2,0,6,0,0,0,0,8,43,0,1,0,0,0,0,0,0,0,0,0,0,0,0,0,0,2,0,0,"POST_OFFICE, SCHOOL, COMPANY, DOCTOR, IMPORTANT_TOURIST_ATTRACTION, PHARMACY, NIGHTLIFE, GOVERNMENT_OFFICE, HOTEL_MOTEL, PUBLIC_AMENITY, COLLEGE_UNIVERSITY, RESIDENTIAL_ACCOMMODATION, PLACE_OF_WORSHIP, SPORTS_CENTER, REPAIR_FACILITY, SHOP, WELFARE_ORGANIZATION, OPEN_PARKING_AREA, PETROL_STATION, POLICE_STATION",20,20
"Gaya City, Bihar",24.7924837,85.0077092,100,100,0,0,0,0,0,0,0,1,0,0,0,3,0,0,0,0,0,0,0,0,1,0,2,0,0,0,0,0,0,0,0,0,0,0,0,0,0,0,0,0,4,0,0,0,0,0,0,0,0,0,0,0,0,2,0,0,0,0,0,0,0,0,0,0,0,0,0,2,2,0,0,2,0,0,0,0,0,0,0,0,0,0,11,0,0,0,0,70,0,0,0,0,0,0,0,0,0,0,0,0,0,0,0,0,0,0,0,"POST_OFFICE, RESTAURANT, CAFE_PUB, BANK, PLACE_OF_WORSHIP, SHOP, COMMERCIAL_BUILDING, MARKET, GOVERNMENT_OFFICE, COMPANY, PHARMACY",11,11
"Muzaffarpur City, Bihar",26.1227209,85.3786314,100,100,0,0,0,0,0,0,0,0,0,0,0,2,0,0,0,0,0,0,1,0,0,0,0,0,0,0,0,1,0,0,0,0,0,0,0,0,0,0,1,0,3,0,0,0,1,21,0,0,0,0,0,0,0,1,0,0,0,0,0,0,1,0,1,0,0,0,0,1,1,1,0,1,0,0,2,0,2,0,0,0,0,2,11,0,0,0,0,46,0,0,0,0,0,0,0,0,0,0,0,0,0,0,0,0,0,0,0,"POST_OFFICE, CLUB_ASSOCIATION, DOCTOR, PHARMACY, NIGHTLIFE, MARKET, GOVERNMENT_OFFICE, HOTEL_MOTEL, PUBLIC_AMENITY, RAILWAY_STATION, RESIDENTIAL_ACCOMMODATION, PLACE_OF_WORSHIP, HOSPITAL_POLYCLINIC, GEOGRAPHIC_FEATURE, RESTAURANT, CAFE_PUB, SHOP, OPEN_PARKING_AREA, POLICE_STATION",19,19
"Dhanbad City, Jharkhand",23.7940427,86.4261706,100,100,0,0,0,0,0,0,0,0,0,0,0,0,0,0,0,0,0,0,0,0,2,0,1,0,0,0,0,3,0,0,0,0,0,0,0,0,0,0,2,0,0,0,0,0,1,13,0,1,0,0,0,0,0,0,0,0,0,0,0,0,0,0,0,0,0,0,0,4,0,0,0,0,0,0,1,0,0,0,0,0,0,1,10,0,0,0,0,61,0,0,0,0,0,0,0,0,0,0,0,0,0,0,0,0,0,0,0,"GEOGRAPHIC_FEATURE, RESTAURANT, RESIDENTIAL_ACCOMMODATION, SHOP, COMMERCIAL_BUILDING, HOTEL_MOTEL, DOCTOR, PUBLIC_AMENITY, IMPORTANT_TOURIST_ATTRACTION, HOSPITAL_POLYCLINIC, PHARMACY, COMPANY",12,12
"Jamshedpur City, Jharkhand",22.843639,86.212528,100,100,0,0,0,0,0,0,5,0,0,0,0,1,0,0,0,0,0,0,0,0,1,0,8,0,0,0,0,4,0,0,0,0,0,0,0,0,0,0,0,0,1,1,0,0,1,3,0,0,0,0,0,0,0,0,1,0,0,0,0,0,0,0,0,0,0,0,0,2,1,0,0,0,0,0,0,0,0,0,0,30,0,11,7,0,0,0,9,13,0,1,0,0,0,0,0,0,0,0,0,0,0,0,0,0,0,0,0,"HEALTH_CARE_SERVICE, RESTAURANT, REPAIR_FACILITY, CAFE_PUB, RESIDENTIAL_ACCOMMODATION, PLACE_OF_WORSHIP, SCHOOL, SPORTS_CENTER, AUTOMOTIVE_DEALER, SHOP, MEDIA_FACILITY, GOVERNMENT_OFFICE, HOTEL_MOTEL, DOCTOR, COMPANY, COMMERCIAL_BUILDING, HOSPITAL_POLYCLINIC, PHARMACY",18,18
"Shillong City, Meghalaya",25.5762291,91.8828636,100,100,0,0,0,0,0,0,1,7,0,0,0,2,0,0,0,0,0,0,0,0,1,0,2,0,0,0,0,0,0,0,0,0,0,0,0,0,0,0,0,0,2,0,0,1,0,44,0,1,0,0,0,0,0,2,0,0,0,0,0,0,2,0,3,0,1,0,0,1,1,0,0,0,0,0,0,0,0,0,0,0,0,0,26,0,0,0,0,3,0,0,0,0,0,0,0,0,0,0,0,0,0,0,0,0,0,0,0,"NIGHTLIFE, HOLIDAY_RENTAL, RESTAURANT, CAFE_PUB, BANK, PARKING_GARAGE, PLACE_OF_WORSHIP, AUTOMOTIVE_DEALER, COMMERCIAL_BUILDING, MARKET, OPEN_PARKING_AREA, HOTEL_MOTEL, GOVERNMENT_OFFICE, SHOP, IMPORTANT_TOURIST_ATTRACTION, COMPANY, PHARMACY",17,17
"Imphal City, Manipur",24.8021535,93.938618,100,100,0,0,0,0,0,0,0,1,0,0,0,4,0,0,0,0,1,0,0,4,0,0,4,0,0,0,0,3,0,0,0,0,0,1,0,0,0,0,0,0,24,0,0,0,2,1,0,3,0,0,2,0,0,0,0,0,0,0,0,0,0,0,2,0,0,2,1,5,1,4,0,3,0,1,0,0,0,0,0,0,0,1,16,0,0,0,8,5,0,0,0,0,0,1,0,0,0,0,0,0,0,0,0,0,0,0,0,"POST_OFFICE, BANK, SCHOOL, COMPANY, DOCTOR, IMPORTANT_TOURIST_ATTRACTION, LIBRARY, PHARMACY, PARK_RECREATION_AREA, THEATER, GOVERNMENT_OFFICE, HOTEL_MOTEL, COLLEGE_UNIVERSITY, RESIDENTIAL_ACCOMMODATION, PLACE_OF_WORSHIP, CINEMA, PRISON_CORRECTIONAL_FACILITY, EXHIBITION_CONVENTION_CENTER, HOSPITAL_POLYCLINIC, RESTAURANT, CAFE_PUB, SHOP, OPEN_PARKING_AREA, PETROL_STATION, POLICE_STATION",25,25
"Aizawl City, Mizoram",23.7243713,92.7186455,100,100,0,0,0,0,0,0,0,4,0,0,0,0,0,0,0,0,0,0,0,0,1,0,13,1,0,0,0,0,0,0,0,0,1,0,0,0,0,0,0,0,16,0,0,0,0,1,0,0,0,0,0,0,0,0,1,0,0,0,0,0,0,0,0,0,0,1,1,2,1,0,0,1,0,0,0,0,0,0,0,0,0,0,11,0,0,0,5,39,0,1,0,0,0,0,0,0,0,0,0,0,0,0,0,0,0,0,0,"PETROL_STATION, POST_OFFICE, RESTAURANT, BANK, PARK_RECREATION_AREA, PLACE_OF_WORSHIP, SCHOOL, SPORTS_CENTER, SHOP, COMMERCIAL_BUILDING, GOVERNMENT_OFFICE, HOTEL_MOTEL, COMPANY, MEDIA_FACILITY, PHARMACY, COURTHOUSE, EXCHANGE",17,17
"Kohima City, Nagaland",25.6749234,94.1105241,100,100,0,0,0,0,0,0,0,8,0,0,0,3,0,0,0,0,0,0,0,2,1,0,3,1,0,1,0,1,0,0,0,0,0,1,0,0,0,0,0,0,16,0,0,0,1,13,0,0,0,0,0,0,0,1,0,0,0,0,1,0,0,0,0,0,1,0,0,0,19,2,0,4,0,0,1,0,0,0,0,0,0,0,3,0,0,0,5,3,6,2,1,0,0,0,0,0,0,0,0,0,0,0,0,0,0,0,0,"POST_OFFICE, BANK, PARKING_GARAGE, STADIUM, SHOPPING_CENTER, SCHOOL, COMPANY, DOCTOR, MARKET, GOVERNMENT_OFFICE, HOTEL_MOTEL, PUBLIC_AMENITY, COLLEGE_UNIVERSITY, PLACE_OF_WORSHIP, SPORTS_CENTER, COMMERCIAL_BUILDING, EXHIBITION_CONVENTION_CENTER, HOSPITAL_POLYCLINIC, CAFE_PUB, RESTAURANT, DENTIST, SHOP, MUSEUM, COURTHOUSE, POLICE_STATION",25,25
"Agartala City, Tripura",23.8338203,91.2824216,100,100,0,0,0,0,0,0,0,3,0,0,0,0,0,0,0,0,0,0,0,0,0,0,12,0,0,0,0,0,0,0,0,0,0,0,0,0,0,0,1,0,1,0,0,1,0,0,0,1,0,0,1,0,0,0,0,0,0,0,1,0,0,0,1,0,0,2,2,1,2,0,0,1,0,0,1,0,0,0,0,7,0,1,0,0,0,0,0,60,1,0,0,0,0,0,0,0,0,0,0,0,0,0,0,0,0,0,0,"POST_OFFICE, BANK, SHOPPING_CENTER, COMPANY, IMPORTANT_TOURIST_ATTRACTION, LIBRARY, PHARMACY, PARK_RECREATION_AREA, GOVERNMENT_OFFICE, PUBLIC_AMENITY, HOLIDAY_RENTAL, RESIDENTIAL_ACCOMMODATION, PLACE_OF_WORSHIP, GEOGRAPHIC_FEATURE, REPAIR_FACILITY, SHOP, MUSEUM, OPEN_PARKING_AREA, PETROL_STATION",19,19
